id,prediction
FR021005,0.002706140082562941
FR030078,0.012626745957413508
FR020717,0.005069240612172093
FR026657,0.005325165847575334
FR023775,0.0033315057387575736
FR030431,0.013906483006893431
FR022943,0.0043333158502298795
FR023143,0.0013786861476001704
FR024804,0.001961760625072489
FR023501,0.004903725090790692
FR024076,0.009018886201136226
FR031612,0.0227455685547852
FR031650,0.010964591216562269
FR021187,0.005851600079895036
FR026941,0.18339254831751292
FR028139,0.0035263957469176092
FR027038,0.013837748527295678
FR020374,0.0018190003184088614
FR028695,0.05178835541501771
FR028756,0.006677548120004309
FR020018,0.005568509896360298
FR023662,0.056514068782356174
FR021936,0.005602021565581037
FR020178,0.029957075295580442
FR031790,0.003463581762055243
FR024950,0.004111061867889647
FR027649,0.017895227402568856
FR025164,0.006436081307756828
FR028092,0.09344469776874884
FR031352,0.005551839510867922
FR031239,0.011825438979026076
FR029967,0.029522174898352745
FR023581,0.000449566600101326
FR025177,0.00450249535839214
FR027854,0.09254037671259273
FR024793,0.46409172245162955
FR022286,0.022097845295188826
FR022560,0.03617512969044455
FR021081,0.010985804399277696
FR030364,0.0032705876994628693
FR026500,0.010019572505360312
FR028325,0.004653777946053713
FR024969,0.1482224908423048
FR031333,0.011116247665820587
FR023531,0.0024664311532830168
FR022813,0.00974231810595309
FR023308,0.003819985871348141
FR020558,0.014698832758825763
FR029662,0.0013872921936329023
FR026156,0.007663963374855391
FR026834,0.005292882995442753
FR021835,0.012052808235703127
FR022175,0.009208479501010142
FR031705,0.007614739329349902
FR029985,0.0036064750262896563
FR021564,0.03575415907052018
FR030715,0.01069126953965391
FR027595,0.02010669771041526
FR027609,0.0030982053859552956
FR024938,0.012007042473273125
FR021584,0.011233931501236012
FR028077,0.005073086001383187
FR023483,0.004713780118606378
FR028816,0.3580436413883088
FR023082,0.0021175066537089684
FR025714,0.002770193389276255
FR031944,0.005601295359677474
FR029519,0.0031401051147013454
FR031355,0.003930806362445545
FR030943,0.03529849751534268
FR030996,0.012405748301314228
FR026618,0.010565845408789316
FR030935,0.00428203478630109
FR021563,0.016442439221655385
FR021782,0.010816673122820204
FR020762,0.011257601098401416
FR028752,0.008243716733679966
FR028651,0.01323397949044461
FR022579,0.014468567354728387
FR023608,0.00033051890059802397
FR029957,0.027304759397615976
FR020759,0.04396221441019841
FR029369,0.008729631456987037
FR028655,0.003865879618763176
FR025134,0.005685721582052238
FR021988,0.00806492255477302
FR024854,0.0039564903026375105
FR025940,0.20137649380503073
FR024270,0.02746485581889646
FR027162,0.004431532200868156
FR021586,0.006606201160432562
FR023291,0.005618058529724034
FR031369,0.0018045281676298582
FR027946,0.015797218469755046
FR021467,0.0061974454405914325
FR025942,0.034589877592406004
FR026148,0.021890371264301028
FR026312,0.0044969631625023255
FR031876,0.010722442088634139
FR029638,0.026403520282008878
FR027557,0.012578896960472818
FR020237,0.006512773158467792
FR023944,0.0033154437955341893
FR022891,0.003539638781216487
FR031302,0.005568201785416087
FR031076,0.009493194171826692
FR025792,0.0041408804018291485
FR030820,0.003290077840277426
FR027572,0.012067614740382303
FR022918,0.02511924650433731
FR031647,0.09141627325320814
FR020107,0.007841092506795808
FR031578,0.0036822256788398757
FR027697,0.017122771108938218
FR026520,0.005107081383954792
FR031838,0.17477458873448112
FR027994,0.0046465622262868884
FR020614,0.013242076046809267
FR023696,0.01053475152471772
FR024344,0.06576374992257468
FR021004,0.014610167789034057
FR027990,0.003235289039807476
FR030875,0.00994794132076025
FR020668,0.013886338286948782
FR020564,0.07645146632794096
FR021894,0.0006231184946817541
FR030600,0.005529422742339692
FR022250,0.004253868529477785
FR031906,0.00874283206354394
FR025889,0.036378492319134245
FR026355,0.0047930634014501355
FR021935,0.00627449055047973
FR030703,0.01898938766647021
FR025356,0.0027852545384732834
FR028940,0.006199066661637774
FR026171,0.003344721818641412
FR026780,0.043623327927837
FR020319,0.007504697276024077
FR024375,0.01860348296333035
FR020518,0.011427025692675346
FR028331,0.011254079445605443
FR026704,0.006373221344943894
FR030880,0.00015996182878268248
FR031894,0.006659419077560056
FR026529,0.008314756675199328
FR026689,0.0062993360302792
FR021443,0.3656584020573334
FR028697,0.011343533699100962
FR027666,0.004825604175020148
FR021397,0.02421612423143036
FR020108,0.010853630152900983
FR029566,0.00036896034823003123
FR021775,0.005249963420337748
FR028773,0.18318636634699925
FR020425,0.02377325930403852
FR026933,0.010749653147626975
FR022222,0.01032216191496452
FR028135,0.026337039174929022
FR021678,0.0033474346864928142
FR024461,0.0025382308142625643
FR026584,0.0031635959639241514
FR020722,0.002948513807025814
FR020161,0.00541371829360519
FR027299,0.02831136445217364
FR024453,0.03002179096235187
FR030967,0.049716344036574156
FR027042,0.006458283613889049
FR029192,0.021659803249224577
FR025324,0.013114686918837062
FR029907,0.050829739058164666
FR023809,0.022066757830412495
FR027033,0.014708367633822949
FR030019,0.003950972352938244
FR029971,0.00383467284941373
FR025733,0.20013671130455243
FR021842,0.010810969154459539
FR028694,0.027763085902939234
FR030860,0.007357248887273611
FR028148,0.006970712048557577
FR025466,0.007539846606444935
FR030428,0.025181863423574993
FR029412,0.012988188603806603
FR023848,0.002535753981637969
FR025085,0.01048158737145404
FR023452,0.01259879578037871
FR023576,0.003785949448461139
FR027192,0.006637749954585846
FR026550,0.11407545397013226
FR022887,0.03633585470128691
FR027964,0.0025735740104765076
FR023824,0.003844097900070075
FR020765,0.01873706468592764
FR023063,0.03395352865041516
FR025096,0.005494067989920655
FR027462,0.006013727426401945
FR024435,0.0075851874840268075
FR029841,0.01744663102494014
FR026706,0.005597895877383227
FR031613,0.009722689820680044
FR025162,0.005517170934147853
FR021427,0.001668900402364393
FR028100,0.0018526772416558748
FR023529,0.005970685201558601
FR028335,0.03062297241188047
FR020137,0.008063042521257818
FR025186,0.021211550047969124
FR027535,0.030510980476518894
FR029816,0.01648928291672644
FR027194,0.006353778297583646
FR027989,0.0035142578043035593
FR023380,0.005354297226403937
FR025749,0.008522160334313177
FR025562,0.004809632026622195
FR021727,0.0031921358232031086
FR023918,0.014640467084358476
FR021754,0.006899281473419477
FR020528,0.14272065368611664
FR028772,0.003982592873849149
FR020557,0.005838760463937824
FR029912,0.021170591953192874
FR023435,0.022740736911093136
FR023434,0.02105115446627529
FR027424,0.01745669355051422
FR031848,0.007118821315824625
FR022193,0.007212326032814422
FR029508,0.005512291444493083
FR029830,0.08842942683539
FR024819,0.0061687544327272996
FR030864,0.004530598529776782
FR021633,0.005341579737315925
FR022816,0.0006001848237696804
FR021701,0.002184119279886397
FR030959,0.01777141984729309
FR020545,0.004302087993390796
FR024810,0.008992944208301051
FR030091,0.00228540856784318
FR030596,0.0011968130699015395
FR026442,0.00863674704933176
FR022900,0.008250844553110663
FR028220,0.12172397396982557
FR025576,0.005084543243627926
FR030149,0.006730335946459189
FR029525,0.005889277511949253
FR030186,0.021569437006802108
FR029612,0.005312349668222308
FR030245,0.006430942499270351
FR021448,0.007890547203881687
FR020627,0.0071164048452709615
FR025136,0.005419095084794652
FR020853,0.003591883190596752
FR025132,0.03692968885275475
FR028166,0.0004952721723455265
FR021147,0.0027956034838164537
FR027590,0.006798217098490818
FR025100,0.013239958187849918
FR021858,0.003916664633967104
FR023258,0.002182837913555582
FR026236,0.007922155677922515
FR029970,0.007848409840257742
FR029100,0.00691503103601018
FR029650,0.004468106775078295
FR020190,0.023437805364137816
FR027913,0.0039293741362633
FR026246,0.005547666754379814
FR020878,0.0032930428458487868
FR031642,0.013842741240793042
FR020623,0.005325259783696801
FR028671,0.012265539029638298
FR020437,0.02136272444739246
FR025481,0.007153820885364504
FR020085,0.016143635468841226
FR024792,0.1588701028685871
FR030189,0.0032446778990975265
FR027873,0.0026728450935563676
FR026242,0.0079238915364951
FR021080,0.05120171259586
FR027807,0.0078038478140691
FR024028,0.0065522781684295055
FR023583,0.07978336690067413
FR022073,0.0016293737784778006
FR027413,0.014684160509103253
FR020422,0.007149723706237235
FR020246,0.0037723814765103
FR023371,0.022417463934225845
FR025021,0.0018535018476166002
FR022770,0.009221743671768552
FR027838,0.36316299377230143
FR020127,0.002948500062653466
FR026098,0.0031212470888258596
FR030691,0.0074011541136877875
FR029065,0.011120798792386498
FR029555,0.004028047153705831
FR023318,0.013560106644892746
FR022084,0.0014638718771442288
FR030587,0.005308174739187218
FR023579,0.004327408656798318
FR025946,0.0036249732381303805
FR025704,0.007625478168555772
FR021801,0.0058572862431254214
FR024127,0.01321146343177302
FR024191,0.006424633753222603
FR025217,0.00956098969131572
FR026152,0.0030222878488469617
FR029448,0.010740545151433904
FR020426,0.00028969908295123744
FR024407,0.01687930905746111
FR026071,0.02358201371882614
FR022276,0.016532633927169416
FR030397,0.006466934271132195
FR027931,0.01821543658013146
FR029272,0.01266477173438662
FR021618,0.01219572349978504
FR029476,0.012542635988224072
FR026383,0.05290767508447989
FR028958,0.012224219147354507
FR025097,0.017979345599792355
FR024839,0.004165991519104985
FR029143,0.004608108066464888
FR029473,0.004494117860670743
FR025476,0.005167781577834057
FR022668,0.006798491349726882
FR021185,0.020717731363041066
FR022996,0.0020333398983788083
FR027099,0.04554271575649467
FR020700,0.012695906349419134
FR020464,0.4248510059455911
FR028583,0.00905618539964573
FR030175,0.005684656740721172
FR023142,0.008066694701492108
FR026866,0.0027546271928190727
FR027164,0.024866731487433118
FR022318,0.005369184915867715
FR030916,0.009320605668645138
FR026131,0.004531627945958732
FR023182,0.015554138089992715
FR026073,0.004121667514014249
FR021164,0.00522297016130925
FR030317,0.006266956479678817
FR029987,0.009629604874984139
FR021550,0.001656885210618979
FR025143,0.007942338878602863
FR024703,0.034459305988977784
FR030448,0.005455151061434051
FR030904,0.0006941550940741783
FR024248,0.014002287679477409
FR021076,0.00412614621807922
FR021203,0.006369133738475311
FR021611,0.016549720717168464
FR021598,0.00908749677635702
FR022161,0.010788500463172238
FR024645,0.008086347976970798
FR027337,0.01215806826011912
FR026771,0.00726041652574745
FR025623,0.005802013589067118
FR026481,0.5443300114358768
FR027503,0.005077875544257851
FR020389,0.010007779593849466
FR031259,0.0045256336348580666
FR021097,0.03747081609698983
FR022166,0.07837272877815345
FR025199,0.00781030625355031
FR022245,0.01388751082059341
FR021413,0.012346051725240312
FR022776,0.002147259211755921
FR029222,0.004989366862647745
FR030216,0.0041845703240674294
FR024656,0.02128976547998641
FR025175,0.052865421614083384
FR025556,0.03354652562851615
FR025816,0.005925415704672613
FR026273,0.003920647944174885
FR029699,0.005290435860687726
FR031978,0.010306429987599876
FR031933,0.03333142108121703
FR025307,4.400108674485636e-05
FR028622,0.008065880797112773
FR027575,0.042087621959990884
FR026959,0.004930973912109673
FR031976,0.0028074447197330545
FR030731,0.004947180649470469
FR026266,0.006431517084611708
FR023093,0.01175405004170335
FR023845,0.05280810776121196
FR022689,0.0032699684078538946
FR030208,0.024532221625560503
FR028185,0.007956732498388039
FR028599,0.006958575845205471
FR028277,0.00859325804799715
FR023702,0.009787264077990925
FR027128,0.0034375994913466708
FR027581,0.005950558831213343
FR029276,0.018702262487578912
FR023306,0.006912439672018843
FR024648,0.002488752944084495
FR028876,0.12287186955730994
FR030900,0.006140977941602883
FR020719,0.007740657150460596
FR023421,0.010050045339319434
FR025002,0.004840392534990616
FR029714,0.007239123241409248
FR026998,0.00805900874175751
FR029332,0.008145868988627975
FR029215,0.004719135529047703
FR031496,0.003335253892202216
FR030316,0.0036432446963914045
FR022512,0.028724067993694022
FR026642,0.0017492931992637573
FR025108,0.017263906628523024
FR026886,0.023251073666517276
FR021161,0.0002024687154376532
FR021825,0.012202864453434622
FR031864,0.01139532863044126
FR031340,0.006999062700419212
FR020980,0.003202733323295373
FR024432,0.0008212054199127986
FR030891,0.008965829832737396
FR025846,0.002616872113932928
FR025106,0.015836388697033726
FR030582,0.019506936969213993
FR022482,0.011790861881671628
FR025148,0.018787907563337734
FR029391,0.007232288479362317
FR026504,0.01704616870906902
FR024660,0.013792268258590113
FR021232,0.011910081494887557
FR021509,0.005413749755591499
FR028477,0.00022756915962927223
FR024595,0.012283284796845848
FR028322,0.006916386730107432
FR030072,0.01302580578466157
FR026364,0.0475896877644822
FR023542,0.004041317347431487
FR027604,0.010760807877173928
FR030719,0.0028455789627686505
FR023012,0.002409259519545278
FR021686,0.010719540324967438
FR024772,0.004434729700439841
FR020562,0.009334286575182418
FR027757,0.02020796757198807
FR026091,0.0027179134543302585
FR029260,0.0013141112478786822
FR025991,0.023925559596536628
FR020328,0.012950800709181849
FR031127,0.005245706478189114
FR031108,0.016222589306706846
FR029131,0.0805564617951621
FR022955,0.005548183909349072
FR024862,0.017798501188009613
FR024102,0.01242052052657142
FR022808,0.011391952282163087
FR020077,0.002997552479498066
FR028272,0.00844884830992258
FR030555,0.1818271938580951
FR031296,0.005168182208257548
FR023123,0.003803007999035538
FR024401,0.0007840929953153056
FR030250,0.021838531010358212
FR031762,0.016812658358394215
FR026915,0.0004229855978532506
FR020499,0.0037443748344029196
FR029754,0.012184947683859722
FR028523,0.12225838378853464
FR023759,0.016550318052401376
FR021960,0.0023946589248622953
FR031244,0.005819730634295838
FR030399,0.00930780728187218
FR021385,0.005545070674292657
FR028478,0.01184168232925096
FR027747,0.01730378826955808
FR022423,0.004268643970025727
FR031216,0.017622246539584222
FR022987,0.004647287692744796
FR031643,0.0038091047260517745
FR027790,0.053556740844842465
FR023004,0.054922450111364145
FR027262,0.009632160273426288
FR020602,0.007826710448272031
FR028419,0.0038108019573212487
FR025702,0.006771960286054832
FR030883,0.009649866956253068
FR023406,0.11446350806264184
FR022984,0.00783633016494831
FR028214,0.0048496166766055105
FR029390,0.019461217678279213
FR028762,0.004550939514770488
FR024420,0.007408310440661877
FR024161,0.007728965056143708
FR027508,0.028284586060856657
FR020273,0.017065171144974443
FR022382,0.019526490677800015
FR021063,0.01661052279557977
FR025710,0.016124380077111842
FR021049,0.007943866764820473
FR029454,0.004084386867189679
FR030501,0.0036698962471944457
FR031399,0.026822109963508062
FR021247,0.016167607180833665
FR031471,0.0020399387771293416
FR030532,0.008510109480542009
FR030548,0.0004632736834688858
FR027934,0.053803263936282625
FR030962,0.005111723282479078
FR028520,0.009102228004047919
FR022395,0.01698510821862314
FR030814,0.0033695809579517527
FR020568,0.00595922277199879
FR030418,0.007969046007853833
FR030682,0.018431974326267312
FR023330,0.01078504298908281
FR027731,0.005956496210945747
FR031054,0.0050683598910690325
FR024369,0.01105657925011148
FR027060,0.007245847637091428
FR027720,0.009990863425386107
FR020891,0.00182208852632671
FR027107,0.009104213670273201
FR027710,0.006046831701997954
FR022772,0.007850524043725994
FR025124,0.0028058935709192497
FR022915,0.002977532484184955
FR026512,0.6232715265852603
FR030836,0.005574271368763735
FR026274,0.03627595559110097
FR021538,0.6108289456461996
FR020233,0.006232966453633132
FR021805,0.006304098394406575
FR028225,0.011524596862334922
FR031174,0.008617972992061414
FR030862,0.008981880671335051
FR025631,0.006493614335999665
FR024868,0.022401431804200372
FR027211,0.012388876837796454
FR028491,0.015667900249648876
FR028407,0.024011255144718135
FR021406,0.11011273459975693
FR022202,0.006553994094203321
FR024339,0.00897179195348351
FR022392,0.008452832940280127
FR023585,0.0035152196345820948
FR029319,0.00645791137034041
FR025062,0.0019002717341038626
FR029808,0.0015549334878486032
FR025909,0.008039501968922128
FR028187,0.008466374478783865
FR020741,0.033281261335284106
FR030392,0.002399045047810506
FR023798,0.007148471288203345
FR021343,0.03617921895577629
FR026350,0.022856242631874413
FR029501,0.008419892878921422
FR021151,0.016636052542985575
FR023522,0.003882445476420672
FR025820,0.0031158926638931673
FR023986,0.013669385068844573
FR028417,0.018171539138091105
FR025075,0.010891343757924023
FR023407,0.010072891881402547
FR020200,0.0073601858230016685
FR026195,0.00307104296222532
FR021372,0.005518937745326271
FR024391,0.010357710967006058
FR030470,0.006979018596661211
FR023634,0.004696089702947984
FR024473,0.017745838823625716
FR021734,0.0017896348215269817
FR024431,0.006834586468349896
FR024590,0.014525068045102037
FR028513,0.017198996901939708
FR026305,0.01924733376343504
FR023530,0.014446145254780373
FR022157,0.0017247984528788874
FR028188,0.007726189778332394
FR026289,0.0010026329682187734
FR026466,0.012406490797736994
FR026842,0.0024295570770206513
FR029631,0.0031381978900520075
FR026524,0.002709940238118966
FR029225,0.05792872389533063
FR031588,0.006519184200346208
FR023480,0.008856169088050876
FR028728,0.011973845406350462
FR030570,0.013847118110179971
FR020683,0.051731574948162766
FR025526,0.012549848001821321
FR020646,0.12173482708508222
FR028239,0.0034704703633471373
FR024134,0.004709443004906604
FR025796,0.004147729532768149
FR029146,0.029198418360921952
FR028597,0.012601314991185655
FR021426,0.006822676631018306
FR020440,0.03441505219553688
FR024745,0.003834320151911995
FR030625,0.0037410048204915705
FR026516,0.03524042421610052
FR026256,0.004391886005769581
FR021197,0.009233693811296411
FR026456,0.010829911937040014
FR021498,0.0029415954884555355
FR025577,0.0032077556960162035
FR022933,0.34388633133440893
FR028022,0.01034117707253959
FR028786,0.0031705105116658122
FR027022,0.017783476858384044
FR029255,0.0026551105593635754
FR025111,0.05078985368116258
FR025690,0.005269133458907617
FR020687,0.0014828148928148152
FR026936,0.3083608524882278
FR028648,0.013283015933650206
FR031829,0.0063836254486241166
FR021603,0.011504622324996739
FR020819,0.008030933826773763
FR030693,0.009975837974368839
FR030349,0.010578720015837031
FR021688,0.021416025595000675
FR021731,0.0036744434597713606
FR024434,0.019306042944011243
FR024856,0.004399895176016652
FR027691,0.0175133799277209
FR020500,0.014337624815166865
FR027629,0.09264088249069871
FR030647,0.003247369153994889
FR026134,0.003030830771536466
FR031104,0.00452874972889239
FR020257,0.027888270207053725
FR022995,0.012348223431975601
FR022343,0.01576809816780422
FR021345,0.01618512173978584
FR028055,0.00633138897656092
FR022520,0.005455156569325683
FR029762,0.007299199190826851
FR029350,0.003056808594321581
FR031734,0.008776866219021724
FR021940,0.024329033006249123
FR025534,0.0026392440725341304
FR025725,0.009525076283680343
FR030043,0.005161320059735777
FR020452,0.004073448398824958
FR023202,0.05516132859227524
FR026764,0.009097062875809402
FR027309,0.009476257402368436
FR028005,0.0187738074616756
FR030178,0.0041404997335466615
FR024760,0.0014770508156275346
FR026776,0.008672958942463699
FR028843,0.005146334158075152
FR020584,0.008229053517037063
FR021450,0.005752684836431371
FR031797,0.004429421941310537
FR028628,0.016514062644911023
FR021321,0.0031296971297934085
FR031021,0.0020982560863609624
FR020483,0.010319207181283924
FR021978,0.022519010174580124
FR023838,0.0032855999540198563
FR025058,0.004088764336966072
FR025017,0.027224630018776595
FR026105,0.0029781523990189446
FR022263,0.020139219951612747
FR022533,0.003030090082095008
FR021047,0.010036563915197184
FR020654,0.003387876429467021
FR028512,0.003224255960757683
FR025895,0.01889161231971768
FR029703,0.0050812222635572115
FR024523,0.005350782298560215
FR028078,0.04863281169847297
FR025349,0.005875915589969966
FR027182,0.04635372681170651
FR029897,0.0159124010544418
FR030768,0.014661416724772914
FR028861,0.0344956391436881
FR021191,0.17269542418187392
FR021787,0.007425284033022047
FR022065,0.02744435674899886
FR023107,0.024116063981221868
FR027421,0.009913942079359873
FR024320,0.08353476368085572
FR024777,0.007407706043285366
FR027276,0.018967703620495
FR031484,0.003509063754597798
FR030828,0.1053688352681205
FR023932,0.01669332464357058
FR021031,0.007088914397193811
FR026968,0.014962791879032
FR027523,0.01563704679485938
FR027837,0.006870145940321821
FR029235,0.00024845362601270753
FR028611,0.10539299629852449
FR026745,0.005630551491815647
FR022053,0.0357192576758932
FR028051,0.01008649316949937
FR031435,0.00040733800148664195
FR031965,0.012148433751749942
FR020038,0.005525008339639517
FR029739,0.03831093340893278
FR021654,0.0026237743831548626
FR024990,0.0323849907829766
FR024769,0.023093562702794765
FR030089,0.03478296935159066
FR023451,0.008313423124856983
FR030441,0.009351994239400908
FR026975,0.004196053879695442
FR030384,0.007419817584040047
FR026061,0.00823453145361954
FR029266,0.007008005737687739
FR029826,0.005472307996360638
FR027021,0.003958445414253037
FR021109,0.004948795873721656
FR029439,0.021156028328465023
FR021582,0.018239455879859267
FR020451,0.0025103769748986266
FR027081,0.01002478286529766
FR024895,0.03504345953805679
FR024606,0.0029228123565053716
FR027362,0.01716435245901723
FR031534,0.010061124173660042
FR029274,0.022915511465111355
FR021445,0.004582288303734776
FR022658,0.00964265808887877
FR025480,0.0018531192254055548
FR022432,0.005235221528567288
FR029339,0.03286981390646159
FR024457,0.008928460627544852
FR030084,0.0027337954844992313
FR024272,0.011806600341081044
FR024091,0.008139393164956316
FR029888,0.006237063808793936
FR021797,0.00680366995795075
FR029990,0.004577497024749779
FR031033,0.009105546597890854
FR022750,0.010600163259895797
FR023722,0.003186752874134967
FR023629,0.008238620806824854
FR031869,0.026598857861156493
FR022845,0.014538693700691491
FR025892,0.4787040869032661
FR023208,0.0027967463255662824
FR027667,0.02279057277259495
FR022434,0.008100793042011483
FR029251,0.1823957229695247
FR028060,0.004238515941425972
FR023946,0.011599411849507248
FR027266,0.012611910601456194
FR031640,0.03721197866452608
FR029159,0.005120248652798455
FR022570,0.02589344809332816
FR025140,0.020428296731907238
FR026372,0.010111380571237193
FR021182,0.7219410978535026
FR023359,0.012120435248458046
FR029996,0.015022086808916639
FR024488,0.007320745605507543
FR029401,0.004316042336245875
FR029135,0.010217926185302059
FR029028,0.006287839988836139
FR020823,0.10607233640218917
FR023091,0.014302839305818663
FR022331,0.007246818507978405
FR020882,0.004958415692782771
FR028260,0.00559446433567913
FR028562,0.014232201309261975
FR023446,0.0029692768034503213
FR027472,0.004287156112238534
FR031037,0.0058269501736953255
FR024422,0.008281178584733139
FR024520,0.014758977906658487
FR030062,0.015592230534277851
FR022225,0.02513813300898154
FR026740,0.014268345191870698
FR021906,0.03281420384801379
FR031283,0.0035616533729707326
FR020532,0.004628087532705434
FR021562,0.0030680735606763475
FR028088,0.0036084802373174737
FR022841,0.029771577556295465
FR031449,0.006052760214851262
FR027254,0.02768806583734105
FR024206,0.004721995635348876
FR023222,0.003917896534277603
FR025731,0.008381564953001549
FR030453,0.004436348642254699
FR027547,0.00472645077466684
FR021526,0.0001603170526414357
FR026257,0.004688076435846207
FR022221,0.007535309899924482
FR021111,0.005286549514581529
FR026920,0.0038526098341323733
FR027846,0.0036109866736037917
FR024454,0.007296040421962483
FR031843,0.020711849538225607
FR026034,0.0066272255941368504
FR029373,0.008108790972405057
FR029108,0.031887619225953776
FR031609,0.005965050877913173
FR031546,0.023984403627442117
FR031031,0.013975096305043996
FR020409,0.1532477970915223
FR023041,0.009228685174739824
FR021128,0.023576810162237657
FR026348,0.008438220735681698
FR031948,0.016472169714484917
FR027550,0.021112602655185633
FR025975,0.0145632423232983
FR021925,0.005799736228933082
FR030973,0.004112101031428808
FR031526,0.007770071109601215
FR029278,0.0002773846148318078
FR028980,0.015037924469505937
FR031210,0.009850040277145257
FR025858,0.01727759725497048
FR027102,0.010424203242542259
FR020735,0.01121562829394796
FR024035,0.06246840147903639
FR028368,0.01805126287259097
FR026100,0.007520751671962994
FR026327,0.00638585880196679
FR020509,0.014445360392982115
FR029901,0.008082928783214635
FR031964,0.0034603486435146914
FR020559,0.0022033242435910093
FR020974,0.007802665493422717
FR020065,0.4663501885201844
FR026981,0.051586837328269824
FR021939,0.00367444649448242
FR021871,0.0031556338480565964
FR021559,0.008918525472257303
FR028451,0.0030888317239531255
FR024128,0.019231606400923733
FR020863,0.0028805821618509675
FR023954,0.003202511074298214
FR022328,0.00393476133364728
FR027301,0.016764925278099623
FR020232,0.010474783289793226
FR021316,0.0033191228415647735
FR021984,0.0046895268173629745
FR021711,0.009027082651683872
FR024906,0.00299674717751409
FR021207,0.12100817999015774
FR024187,0.01643746372677962
FR023505,0.016310621139892022
FR027183,0.002625805134853409
FR031464,0.009416758155989722
FR024380,0.021956226961440565
FR031621,0.0025969489508191894
FR024744,0.0026171645254930683
FR021621,0.010251353931437654
FR027392,0.031741389306386154
FR027272,0.01814978352510555
FR026589,0.0070145170951322585
FR026495,0.004790398932138419
FR021932,0.03008895821279163
FR024713,0.005304846049583259
FR026109,0.0055494024571249535
FR029755,0.009057651428436701
FR031278,0.011598047913770853
FR027261,0.005857890606539288
FR027124,0.1309923439980682
FR027219,0.011521803864195941
FR031939,0.004024658301194892
FR020160,0.005780913121307461
FR023621,0.0040944232442631035
FR028058,0.0036609338552414557
FR027538,0.01522267187187331
FR028664,0.007039499541207798
FR028046,0.0031602903576335114
FR025401,0.004126220494124036
FR024995,0.11115296087059745
FR023774,0.0037588599880666053
FR020639,0.002894544282859052
FR020163,0.04723875842494993
FR026905,0.006043209489644881
FR022270,0.009436504182052252
FR023072,0.013384079011418068
FR023097,0.003191385681451055
FR027530,0.0109174505662505
FR030780,0.0004401322413462875
FR026561,0.00837309947488499
FR020101,0.07660330886375599
FR031822,0.010527287113622894
FR022409,0.004768831658160956
FR027970,0.0025677243675054228
FR025179,0.005851445417091956
FR025342,0.017811270449570156
FR030140,0.008392540021202953
FR031111,0.00404336889484766
FR024123,0.1117011731734549
FR020309,0.009851043945313567
FR023729,0.001291961706436547
FR022707,0.04043468402933467
FR024462,0.006781018066342597
FR024155,0.056913774897469856
FR022128,0.0075677972783852925
FR020616,0.013363455622806194
FR030420,0.008034181139919695
FR027520,0.00804216651794499
FR021327,0.003786293511400264
FR022186,0.007647395359196571
FR023178,0.0016985734165311087
FR021958,0.005678072713474456
FR025944,0.009764741719944299
FR024762,0.01850215038531285
FR027422,0.006109691636098919
FR025133,0.04212742071991328
FR028936,0.0066728578775534396
FR027935,0.24426128829546556
FR029408,0.012446182300923028
FR023271,0.07550508969311383
FR031434,0.00432635949936617
FR021767,0.017393615205420845
FR023875,0.005170536034039157
FR023364,0.03251773896242796
FR027322,0.006970672092005
FR029716,0.003055115907043482
FR025416,0.0030748739197416853
FR020497,0.010581875577973493
FR025206,0.014464641324702165
FR020881,0.005213602948394557
FR026144,0.010399841071878186
FR025922,0.02817731335222447
FR029717,0.11111620502176202
FR030832,0.01525069438481848
FR030618,0.009394178485421834
FR025624,0.0018025457648822923
FR028488,0.0007503883338167989
FR020993,0.027876863738175918
FR025116,0.005702120211366912
FR021256,0.005369469283154226
FR023547,0.003040361844470989
FR026428,0.01120683800811319
FR024976,0.003918616994595774
FR026728,0.008185764906171993
FR030668,0.0016396739344875255
FR025374,0.00034664255075101774
FR030955,0.017600829335976783
FR026172,0.012186608935838516
FR027008,0.008297278648758564
FR029489,0.01018028022753578
FR021552,0.0057842263866909
FR024664,0.0032569887761613194
FR031804,0.05600096964803055
FR020766,0.0067869736525837665
FR030472,0.0004947118683443284
FR021072,0.04885008394164895
FR030081,0.015401803849958633
FR028141,0.017375093016087282
FR027408,0.008123977094227916
FR020600,0.0076874112801727104
FR026515,0.023230816248358342
FR022630,0.003201188068654893
FR023957,0.012372617017400509
FR025152,0.00360907388608443
FR031405,0.004600224450507429
FR021298,0.02848105316915462
FR031927,0.007949730807969934
FR026634,0.024753258670894188
FR029663,0.006095245388737622
FR025636,0.007436183285765439
FR021434,0.005165018840888693
FR021088,0.01691042998099454
FR027205,0.006060695040183419
FR020304,0.029200607137898935
FR022114,0.00610010616694385
FR020092,0.010604769558581143
FR028444,0.0038005081140176874
FR026978,0.008187808879691399
FR027651,0.015040476933118337
FR026168,0.004810560361473278
FR025972,0.024566951000723303
FR026787,0.006023369202948886
FR020631,0.005621945685814303
FR031099,0.0032057478976406394
FR030025,0.005220627363610301
FR020752,0.05269452336596438
FR027762,0.008353704596270493
FR020976,0.00025608014129250927
FR029438,0.006804511742898945
FR030228,0.007336933090654435
FR031935,0.009039971608935158
FR020401,0.015175975116345906
FR028138,0.034499950842450555
FR029200,0.009827660073975255
FR030125,0.006041003675729426
FR030333,0.02998352414166382
FR031065,0.004351572984978546
FR026712,0.0024053006658972475
FR020972,0.000446040385574266
FR020360,0.012033147048374016
FR024097,0.006878827070311539
FR029030,0.005839845735089969
FR031115,0.004632769493671097
FR028242,0.003330705626178525
FR028375,0.0007392199605941262
FR021454,0.015586350844482032
FR028912,0.004038139994069445
FR028595,0.007320652326859824
FR024977,0.0037152332426527994
FR030885,0.021100069241759254
FR027696,0.014815019541521993
FR022007,0.006930447703605354
FR029824,0.0048863349061472015
FR028255,0.007545059896010066
FR029764,0.0022525187487128524
FR027159,0.12372242233465958
FR030651,0.009710697359866578
FR022989,0.007029101797332132
FR024640,0.008460364338691824
FR027883,0.012648592623874327
FR029843,0.006001013636543358
FR029668,0.012569834207219266
FR022871,0.056618806671061866
FR025711,0.009706058174596254
FR024234,0.004174816668795255
FR024173,0.004339281936183186
FR031161,0.004822001962814103
FR023900,0.041585503426613074
FR023503,0.0036261696334402432
FR022143,0.00574712341795488
FR031356,0.00016512469247830007
FR031170,0.02293250454514558
FR022329,0.022770067999795036
FR020303,0.00773443862414803
FR025999,0.012879933569808261
FR023596,0.01225813067730243
FR022115,0.0047901773853361515
FR022139,0.002479607844272041
FR022336,0.0051901870271057575
FR021067,0.0016895167457855636
FR023354,0.007357171003332901
FR022559,0.0038202104948629047
FR029317,0.002208855145880135
FR021707,0.009876318183822484
FR029372,0.012602473927659431
FR021177,0.0002756554746985793
FR029782,0.0055790327264493905
FR030302,0.0018114536652123856
FR023201,0.010271960028478107
FR021090,0.013172839352679497
FR031131,0.013638092489774538
FR025571,0.0006104677208195163
FR022362,0.00033241427179298553
FR028211,0.011821530322829657
FR021698,0.00712469118842937
FR023161,0.0025436640068547166
FR025210,0.0378476908683227
FR030284,0.022678461037282573
FR021560,0.006858227652048985
FR026506,0.10174910295333232
FR022232,0.03176377518812293
FR025477,0.03993961597106873
FR028626,0.021338498825840976
FR028083,0.005831269315844935
FR024468,0.04722064395514975
FR020635,0.00955390524371165
FR029713,0.012265992317285432
FR030300,0.0158550838205339
FR028200,0.0025618336467887314
FR029590,0.002542826328763151
FR027023,0.0374530344397154
FR028646,0.003347764515477615
FR021237,0.8890715805880768
FR029672,0.005076391853820297
FR024536,0.005950034082429956
FR030147,0.004096277710436421
FR030365,0.012006653370197169
FR020916,0.009659413645136719
FR031769,0.005674722713104784
FR027481,0.004142657709362597
FR027439,0.009877033912480945
FR030343,0.016302357763531058
FR025530,0.0043473842252337485
FR024212,0.007814594205592301
FR029123,0.002068369879392896
FR023467,0.02442358680897891
FR030362,0.0042157238249737085
FR021683,0.005860207043436793
FR031226,0.00727546781917008
FR028128,0.003490550271870643
FR031429,0.006217725534645141
FR029546,0.010406426984111455
FR026937,0.0038903638859719408
FR031398,0.008268965652281723
FR028054,0.006996048396890278
FR023159,0.018750209845641595
FR021200,0.06387802597617197
FR024632,0.006493196395052657
FR030767,0.00026106228703902693
FR024577,0.015083593294147357
FR028126,0.16069755392431026
FR027243,0.00503352657467837
FR031308,0.01894175452724607
FR028721,0.006308596766382928
FR023080,0.0061555381242026815
FR023658,0.024769910449415605
FR029891,0.011768741427477677
FR022785,0.005961394893778876
FR022763,0.011990710461710324
FR024416,0.0033869544659264218
FR021252,0.006023170467801213
FR025343,0.019889677462919135
FR021277,0.006164033073047655
FR029671,0.0036661576865704083
FR024226,0.012356736019427864
FR020633,0.005001838928841492
FR027321,0.006156471195384395
FR029292,0.007372457746156013
FR021626,0.011149052372637533
FR031125,0.8704346215564079
FR026330,0.0036649459591175716
FR027999,0.008992439021424976
FR028382,0.010213119814542515
FR029948,0.010149967092814103
FR022529,0.01499476768058822
FR020234,0.0109507207665715
FR022576,0.006179489954431475
FR023566,0.02918435061621158
FR031726,0.10419183411800408
FR030590,0.02383982578555129
FR028798,0.008967313336386288
FR021672,0.03028776386898557
FR029999,0.015306462032131738
FR029158,0.0012465491175651826
FR028571,0.008493461555513376
FR023694,0.0036304216816701474
FR026077,0.008835152699162109
FR026935,0.2077349014834528
FR026878,0.015539309679419014
FR021831,0.045113459994509435
FR027659,0.01393238295887098
FR023862,0.0016783994909360565
FR020843,0.008840971600795614
FR030927,0.004679432203865516
FR025484,0.004638634286021524
FR029201,0.007244353447737513
FR020950,0.004610184461349118
FR024008,0.005632866031799922
FR024055,0.0034902605245617137
FR030200,0.015320422314275885
FR026002,0.004002834909772709
FR029770,0.006915063607729323
FR027427,0.0018468900403289699
FR025706,0.007781753284855263
FR030235,0.0019884182440456206
FR025910,0.00018808934673584824
FR025337,0.0032948360349123597
FR021911,0.004858344153032152
FR027127,0.00310621381935549
FR028360,0.043304668775883674
FR023488,0.005819898570177968
FR020029,0.01878580512428329
FR023984,0.003769075880174827
FR026118,0.0026648942458947543
FR029174,0.01596424649426938
FR030467,0.07221157318405554
FR029542,0.0068000791871971515
FR020758,0.0157049301517022
FR025242,0.004412740375922905
FR025650,0.015738373801374002
FR030812,0.004508839330673992
FR027029,0.01034631899743221
FR023268,0.003703224122874846
FR021439,0.007881599208464547
FR021946,0.0039061623014882765
FR031189,0.013395616083249384
FR022008,0.017068959434998816
FR022601,0.0033701638561793347
FR023320,0.026514830156467023
FR028311,0.003913122667125544
FR020277,0.019648346348903518
FR029213,0.008073393127090524
FR026757,0.005027623805527958
FR021436,0.003168944258533001
FR022646,0.008722182852493687
FR025919,0.10166756204937785
FR025417,0.022204061514391797
FR020692,0.012078988541996976
FR021202,0.009912021453265982
FR022009,0.012918160732414185
FR022796,0.003768171743159778
FR024313,0.017252696427389913
FR020176,0.01035315350311035
FR020651,0.014740467241677494
FR025882,0.024118316907299223
FR030034,0.004475336100930543
FR028087,0.030542930512926673
FR020035,0.004706779920352677
FR026210,0.02152875143839341
FR023857,0.002582134267738164
FR021909,0.029297897878054945
FR025607,0.01152428417609085
FR030584,0.08202277063316546
FR025883,0.004502133097049906
FR030285,0.009201296410666372
FR022547,0.006856658937295028
FR023092,0.014208576483612078
FR025813,0.024588610857007906
FR031514,0.029959655965333013
FR026018,0.005346348449717353
FR028857,0.02636723502787264
FR021995,0.006836753118675537
FR025684,0.005452119266496354
FR020058,0.0071697600638108375
FR022387,0.0043776418166882915
FR021542,0.007687769480009287
FR030784,0.010441809255708624
FR028243,0.0035332199084717243
FR023472,0.00987312608459004
FR021318,0.006675026929487109
FR031510,0.007547620042699737
FR021452,0.005880338310343572
FR031175,0.017798230288820587
FR021183,0.006264272493328113
FR030726,0.0025257239076938707
FR021972,0.021058803532699143
FR024582,0.031067276621742766
FR023782,0.026011489547024414
FR020317,0.010122486275769596
FR020862,0.0874156034637833
FR024101,0.00492930011545732
FR024776,0.007160038001450503
FR027206,0.00027374185492940866
FR024321,0.11113650217811505
FR031268,0.016217388512437453
FR031499,0.10402375966273192
FR020088,0.005207006412324954
FR021692,0.0032772536098065568
FR021422,0.006502749671518002
FR021278,0.003685324301306896
FR022628,0.6363940718740105
FR022207,0.008917520088704205
FR031271,0.009194131142226732
FR020715,0.012297041947550661
FR031071,0.010097356764597464
FR030567,0.03782125146066387
FR030679,0.015707597546500487
FR023424,0.0054377208436527874
FR026229,0.019868281230127998
FR026438,0.003132255914278409
FR023246,0.0045657982104499355
FR023298,0.00545315699755293
FR020905,0.004922179461640781
FR028778,0.01791222166820521
FR026318,0.01760087024095331
FR030876,0.0023317613588124827
FR021512,0.006041082984289985
FR031877,0.0654804578189157
FR023490,0.027143957645309833
FR021478,0.019984659736325603
FR031810,0.005493343227090458
FR027354,0.003710726144239371
FR031697,0.0002517117822327906
FR022525,0.012928160583572339
FR023266,0.027610587065205437
FR025639,0.023470290516945262
FR028067,0.017912810876552894
FR025524,0.08619936120191449
FR028774,0.00884926728623959
FR020352,0.004861288269824679
FR023356,0.018037881059651407
FR028696,0.018051548182190246
FR028681,0.0068288042141379235
FR026424,0.006506919406289435
FR020188,0.0014620555685367766
FR029516,0.0050687934750853186
FR031938,0.004958151424764563
FR025069,0.014439406480438616
FR025492,0.009321252836663371
FR024068,0.005085315029983596
FR025555,0.005066658418248382
FR027451,0.01327098584714621
FR026604,0.0020397530229596898
FR022078,0.008524954379642995
FR029801,0.006039481472985678
FR026819,0.009838228533421277
FR031708,0.010357273028963084
FR023322,0.013479863925676438
FR026476,0.007586977374969058
FR031886,0.01903045869450675
FR028613,0.012390306822598856
FR023476,0.005255761796180772
FR030757,0.007082164176457908
FR023598,0.0025019184161112016
FR029581,0.005675614263876241
FR031358,0.006266092711670037
FR027494,0.005079099733263415
FR031235,0.36933865243812175
FR024869,0.02211300090355298
FR022254,0.06696952183909859
FR027482,0.008273397634872729
FR025966,0.004122856155426277
FR021306,0.001595916264670011
FR022028,0.009471582895419666
FR025464,0.007530701909702444
FR026790,0.008088880874607476
FR025167,0.03712396915185646
FR031273,0.004008443315617488
FR028004,0.005149339884480091
FR029074,0.013607599257932508
FR031619,0.00874520985473032
FR021065,0.00416279163950064
FR031310,0.0029786607910139654
FR020316,0.01607701937184721
FR029462,8.613587864500693e-05
FR028406,0.003251680359801892
FR022886,0.09857635685192388
FR026848,0.020000327499211438
FR031136,0.013647306484669788
FR031117,0.005729360031319057
FR020259,0.0010921522197864595
FR022654,0.005013796023044075
FR023170,0.0039497095690375975
FR023562,0.007238686772790082
FR023018,0.008071248774968143
FR031571,0.008289959954130878
FR023175,0.006375915752733319
FR024841,0.010061320607544008
FR020888,0.03011568956020555
FR024541,0.004331209558738897
FR028155,0.011200788409947733
FR020089,0.000606217412246731
FR023361,0.03964818706216714
FR027123,0.006552846485901082
FR026671,0.006985717970934615
FR020893,0.022088152280294388
FR022197,0.003725001142785485
FR025644,0.00269971142632087
FR031524,0.002570524842681705
FR029906,0.005052567492623634
FR026810,0.05070679826294387
FR022517,0.0029058495339943755
FR023908,0.005506610531661764
FR031539,0.012223746068351258
FR029280,0.003983024897755027
FR028396,0.028631364263710987
FR025728,0.008837627901825582
FR026473,0.003350887598764774
FR024940,0.006562339464638092
FR025719,0.011862070833341514
FR028108,0.008247388484976616
FR030804,0.005216419016534036
FR031272,0.009991323971769262
FR027674,0.0017218390920847565
FR024471,0.009554014220909455
FR027352,0.01880657117855349
FR027683,0.016916294272166822
FR025247,0.011686301306305165
FR023415,0.03463895214999564
FR031017,0.11853687677628588
FR024175,0.0033606026900724665
FR028777,0.0063707360210005495
FR029216,0.007008235390051943
FR020153,0.008137817062235438
FR029518,0.025121746737596193
FR020326,0.010422997410732129
FR029202,0.022309231558831025
FR029533,0.013614205407315599
FR027044,0.0022923168874787537
FR023683,0.006579249021521572
FR027580,0.0006487431740419315
FR021170,0.005236872226822185
FR031793,0.004217560361437801
FR020245,0.019992735331953854
FR022077,0.00702556166407962
FR028621,0.005902161174057647
FR020970,0.005689711686024997
FR020201,0.007781749371956972
FR025848,0.013858106910402464
FR028579,0.006232643181305821
FR029734,0.006999335000157642
FR024103,0.01938665158973317
FR028279,0.8794354915437449
FR030603,0.024508611858591205
FR029781,0.003964243945247683
FR030238,6.221636174932952e-06
FR029523,0.017165092836906
FR025957,0.00195459858635188
FR022627,0.029002066118016565
FR030421,0.011272887915198981
FR024669,0.008164824251449068
FR025455,0.003903905490334469
FR031487,0.009710703543255107
FR025516,0.02529280047828316
FR024956,0.010219107517691726
FR029304,0.005581933626364855
FR024602,0.04159545917696394
FR029616,0.005374767637791962
FR027415,0.00998570679261787
FR025358,0.0060188732356414466
FR029230,0.026407107299671148
FR024301,0.008565909617675968
FR027372,0.010758797375488887
FR028296,0.0011337800233334134
FR027269,0.008234483966411237
FR032000,0.003696021811604026
FR031676,0.12088126291865056
FR030613,0.006816734223202929
FR025519,0.009171050013871763
FR021872,0.011220156505159125
FR030646,0.796444408330079
FR027614,0.010610129221507225
FR027923,0.005916962953848505
FR031652,0.013791311144298555
FR027455,0.020852993488081183
FR024702,0.0061579701129971
FR029379,0.014458319248171623
FR024507,0.005056900537981317
FR025682,0.01477524106047644
FR027487,0.02304620242219231
FR023672,0.005373916613786346
FR027343,0.013408248272391256
FR029977,0.009806155812415951
FR023461,0.0002546184472702988
FR022025,0.004152637305871517
FR029325,0.03738608273869483
FR028436,0.0001397842394776797
FR025118,0.007678457060834374
FR029642,0.007890442206615483
FR029333,0.003298565014523672
FR029819,0.04454785833493474
FR024059,0.005327599600883399
FR021299,0.008744949683370315
FR030538,0.020087284603766055
FR030042,0.010032939266693193
FR020313,0.004859707236712312
FR031707,0.005625036240025622
FR022936,0.007363922466783243
FR021265,0.002965214658174171
FR021918,0.014911729434050227
FR025834,0.12192392065938722
FR021016,0.015581704743383901
FR025544,0.0025014917763257795
FR028717,0.02449356243649098
FR029173,0.003412789283253321
FR022854,0.01536901284939786
FR024572,0.0013867132795118283
FR020856,0.006086844744513336
FR020073,0.01002994725696733
FR031091,0.0038604423532658813
FR021886,0.005331974590956103
FR023863,0.0061182698665325505
FR026126,0.004228637921044684
FR029011,0.027756955808926873
FR026016,0.07659527511594533
FR030382,0.005485653551644304
FR027933,0.008550993913011454
FR027730,0.009680381868249509
FR023211,0.010796514295514906
FR024575,0.0050369162417600545
FR024946,0.0018158260009760946
FR026645,0.00467519718818259
FR031247,0.034047006329253386
FR028930,0.18537995926276535
FR028820,0.013502335962631132
FR022307,0.02854762124029797
FR021553,0.021732247094243245
FR026390,0.0038861750892491163
FR026127,0.005402350926432617
FR031911,0.003502059104800117
FR020760,0.006101630766618561
FR031150,0.07389651779072826
FR029918,0.006253829435423075
FR021038,0.006650307828931003
FR022614,0.006711483556740772
FR024239,0.03911030005566683
FR020920,0.01340408002164736
FR022671,0.04938509471002278
FR031799,0.00791678548796009
FR029951,0.003482270467734456
FR028892,0.010277252970777721
FR020306,0.02588956617283733
FR026976,0.012751307908904719
FR021506,0.015076671913871156
FR024251,0.013800631009861253
FR020100,0.01626081143538669
FR027176,0.0034706535266370016
FR027070,0.004262239270305269
FR031775,0.045436818048548135
FR029579,0.007327650333108105
FR028973,0.009712992141158224
FR030551,0.014418695065262367
FR026859,0.011867713379455712
FR020282,0.014267897881085963
FR031795,0.01569652914624768
FR022013,0.0321423130729824
FR021848,0.5996769563655469
FR029326,0.012022297264076533
FR028173,0.008284193310244504
FR024873,0.021142833430577743
FR031171,0.007544761553739568
FR025423,0.0036304438492629366
FR025331,0.008730374777297278
FR026308,0.02817773836122943
FR020962,0.00522331811588914
FR023642,0.004770103921807596
FR025444,0.015926847403463232
FR020268,0.0031922865942643304
FR020915,0.008422887142001168
FR021335,0.010916115224737606
FR023489,0.01520779126894658
FR029568,0.007231817544183419
FR031254,0.0031990558052601785
FR027290,0.020053893611362693
FR023806,0.02060689807563703
FR022882,0.007593353174405948
FR021828,0.05009277065411133
FR021670,0.3677455142227895
FR027779,0.0149697966610616
FR028476,0.03233005877002797
FR022373,0.009356339936802205
FR026610,0.0001314804876219167
FR031849,0.008415250854722974
FR031547,0.003336613083302049
FR031841,0.004981025818094386
FR030819,0.006894773517816999
FR020167,0.03878229948637789
FR024365,0.00878006189514623
FR031821,0.02060208157579746
FR026542,0.004237843570053235
FR020550,0.008228560941526221
FR027682,0.006545564516832304
FR028509,0.008587405411367214
FR025950,0.006179338911490485
FR031763,0.024340406420439213
FR028016,0.020908756619109375
FR026272,0.007425659045056591
FR021324,0.020730265256351306
FR023762,0.00915364724620218
FR030917,0.00021300884152027327
FR027506,0.004463537972448579
FR025553,0.0035974689625273915
FR031590,0.0364357688915045
FR031110,0.005169012468914266
FR021163,0.027164254037931955
FR023314,0.008923475872685598
FR024829,0.0011623729932048693
FR021416,0.004188006799973964
FR022591,0.002820827382176679
FR022710,0.007054727721474202
FR026045,0.028374369098647823
FR022616,0.09956806083500105
FR024892,0.011007388235547345
FR022076,0.025771568782413042
FR030429,0.01517523943511261
FR026983,0.00537075483103983
FR020405,0.004077650577682542
FR028000,0.00629727775895616
FR020808,0.01882799218189761
FR027470,0.0024414708186321354
FR026402,0.004067419547539313
FR028754,0.0024578040579595756
FR031511,0.023091539439745706
FR029018,0.019424939114684816
FR025267,0.0029135936785125035
FR029564,0.01652410298051293
FR023324,0.02091691858229328
FR025461,0.06242213128136224
FR020037,0.024812446853995574
FR024807,0.01573488979030122
FR020830,0.07917280945957404
FR025300,0.021849613536864196
FR021720,0.005560854484839101
FR029393,0.0032391557501320447
FR024254,0.009081850427138041
FR022024,0.010158889907363688
FR026487,0.015856105981017665
FR024611,0.0070121455828574715
FR027082,0.0038474551331979206
FR021879,0.014210293066923962
FR022228,0.002942529602467187
FR023315,0.10808255818000544
FR022060,0.006467131327113726
FR027721,0.023748298173732228
FR031360,0.015113181656286724
FR022952,0.004533393277160029
FR023349,0.001704404525380781
FR027875,0.006234559099392806
FR026801,0.002901037845166674
FR030350,0.006429761791463298
FR021757,0.009400030623528947
FR022516,0.004200353313709437
FR027059,0.005938563129459065
FR027965,0.007052721537984282
FR025601,0.01897948336447337
FR022618,0.006334590234978085
FR025856,0.0516016087999043
FR031973,0.006542246235919058
FR024963,0.005059868145267697
FR025319,0.016273099548431074
FR026684,0.008808639203638774
FR020404,0.04900485572250092
FR021681,0.011360101856775497
FR027606,0.016713310122867746
FR022212,0.007345280559973531
FR021955,0.04019350622576902
FR025924,0.0035784580699861008
FR030634,0.010947947108783784
FR021384,0.005519710250207123
FR021575,0.016187406783813658
FR023766,0.003878286921033269
FR023887,0.0033475231723506466
FR028782,0.010487274964123782
FR023282,0.00533778890525564
FR020560,0.0037882431152698836
FR020890,0.008150893488583635
FR025063,0.009161563157171362
FR031015,0.010730348947962943
FR026731,0.003974384819589864
FR022930,0.02164770281472759
FR023403,0.0376088569521158
FR023877,0.010638491980743835
FR020795,0.012007763582466685
FR021766,0.01747924628561066
FR023251,0.0077840167892604785
FR027011,0.0041815761276502465
FR022365,0.009209298076733896
FR031250,0.01120816720204994
FR020979,0.11943138616949696
FR026839,0.013869323574610891
FR027727,0.007006143127313907
FR024539,0.009973148539361033
FR024412,0.0030345104768435575
FR029095,0.008891279729057004
FR026076,0.005538251865177295
FR031490,0.005677018732700251
FR022897,0.0003049667978060952
FR030424,0.003401569938602045
FR024494,0.03921635723570024
FR026755,0.003692477224459889
FR031357,0.005265395655650475
FR023443,0.009031841411541118
FR020155,0.0007330726693503305
FR026994,0.005127059826848677
FR026220,0.011013678567226586
FR031731,0.011128378703054418
FR025265,0.0053006338443664066
FR025997,0.004036804196002642
FR026627,0.004088618338370618
FR022832,0.12935183305055165
FR027633,0.008791630074389793
FR022823,0.010281505652176554
FR030912,0.0005430740788803491
FR027296,0.02112217068542969
FR031962,0.015501572922130035
FR029681,0.005558504016797314
FR020708,0.006924060518438887
FR025974,0.020181083775684536
FR020495,0.0040313959514194355
FR031563,0.04027725763762872
FR021597,0.00707681346624514
FR030225,0.02455019595106832
FR028327,0.003618625063628305
FR027775,0.007763123684433512
FR028567,0.5251287894568489
FR021546,0.0060929322197500356
FR023370,0.008948199668285611
FR030993,0.005620829040431082
FR029004,0.004418973892882649
FR020679,0.03000575708532353
FR027126,0.006496945483749219
FR026721,0.37620114888456085
FR027552,0.0030040690022304912
FR024809,0.009935262195259125
FR029376,0.0037310469173920985
FR029142,0.010995210324243058
FR030294,0.0030296991236704552
FR027950,0.007685109505371458
FR024399,0.002947288340349506
FR025287,0.15424415929898255
FR028734,0.004734618967930142
FR028810,0.015272501019246779
FR028821,0.0028696412519379974
FR020479,0.0031477078223118246
FR027135,0.007500773740146867
FR028374,0.008504184483612912
FR029694,0.005477124550483211
FR029822,0.010030371252260832
FR027064,0.00556995297385814
FR030539,0.06787202587423118
FR024316,0.009104143041762595
FR020209,0.004697889988494362
FR020084,0.012306794664888071
FR023684,0.0060807920660270465
FR026186,0.008281815416492231
FR022535,0.019022189493936276
FR025852,0.03509985316344537
FR028900,0.0191820914628869
FR020223,0.004009813295810493
FR021994,0.0005510690789406602
FR025776,0.004740450373308475
FR031187,0.014131191453912227
FR024928,0.01237456621757624
FR022715,0.026749019037692574
FR026821,0.001523859744343854
FR030612,0.009995252266041805
FR022493,0.0005069051872368513
FR031365,0.006495563920540718
FR027327,0.016889487065353603
FR030905,0.04645988466501828
FR022602,0.017297922310847424
FR030581,0.004054059249293003
FR030213,0.003911743943892141
FR021198,0.02596136374598412
FR021230,0.010274527321485467
FR030834,0.04208139267834311
FR021026,0.001023351592618264
FR023060,0.007641347487766996
FR025272,0.023909899945669662
FR023896,0.01855639752675757
FR030901,0.055842976417917016
FR027109,0.00897355954141973
FR027469,0.007802858299076779
FR024413,0.006532600093647348
FR028627,0.0036576256516888074
FR025127,0.057180682646656954
FR031074,0.08721799416266424
FR028804,0.039054699785464525
FR027932,0.03269599955224391
FR022289,0.003978136423618057
FR024849,0.04476375970405401
FR022416,0.017064969225725847
FR024395,0.006308928390207406
FR023902,0.0065992198669306106
FR025870,0.004304259037727534
FR022071,0.002474663651218977
FR025683,0.00401105089480951
FR024056,0.021190384194852387
FR025541,0.010925865614582881
FR031326,0.01102460126650667
FR025551,0.008411846189065375
FR022754,0.004806934710220864
FR031005,0.008531799501093796
FR025326,0.04573828414137887
FR029415,0.014876595965575497
FR024877,0.02721449556201112
FR028038,0.00266996461411464
FR020772,0.002133052017418666
FR030484,0.006798298249096515
FR020713,0.10054646049855488
FR025093,0.006636700277182901
FR028899,0.006319897253209163
FR025285,0.00534075422255854
FR030003,0.011066420387320945
FR023402,0.024439430392125545
FR031845,0.13334766114295707
FR020619,0.005131880977351306
FR024089,0.02164670981365211
FR023456,0.056325085822891065
FR026574,0.002245478843579117
FR021205,0.041528880886606015
FR031963,0.00248281803584541
FR028169,0.00024328714952831797
FR029075,0.015081191422139322
FR024202,0.0026882669163686887
FR029449,0.012277562691839838
FR029823,0.006323064581547781
FR023734,0.0033034628596094163
FR031164,0.0004887305565327498
FR028371,0.005643589586162182
FR027707,0.0003177630959383323
FR021017,0.02980543055346709
FR021587,0.007913271292695409
FR029183,0.0030911053170225578
FR031900,0.004366084523726772
FR031518,0.0006803628219324519
FR026163,0.0043591018404423735
FR025298,0.00021093258337023007
FR021337,0.45589696681455627
FR026239,0.008847018495548996
FR022766,0.0265988236945307
FR020938,0.004177760031548004
FR021390,0.003990374350169944
FR031553,0.012179035621199099
FR021556,0.0053760063006349805
FR027359,0.005798407651003657
FR024705,0.013430853281950969
FR022253,0.0030487313729273342
FR031086,0.13976724286914055
FR030435,0.0114443787547668
FR023795,0.004223705218442515
FR028955,0.005459275041372615
FR029902,0.02100042825784334
FR021938,0.0056885951472243085
FR028797,0.0024367266465174014
FR031051,0.003731534053797337
FR024811,0.0053980180087861976
FR022187,0.003700469031317031
FR031004,0.005576550890359903
FR022342,0.008213587998773732
FR028727,0.0034807697366870966
FR024084,0.01574280866198564
FR025802,0.008048296828602424
FR020620,0.011674989924689743
FR026405,0.015008830199631356
FR021330,0.023457931144895243
FR025249,0.0016558520958196326
FR030179,0.00527336273784832
FR023389,0.0469953628909439
FR022775,0.0007800620170514324
FR028137,0.005709791159289069
FR030688,0.009620697608572622
FR030643,0.006472200009990607
FR023670,0.007153367039827291
FR028519,0.00047922241639355436
FR031063,0.008154360860093043
FR025390,0.007523399788887759
FR023919,0.0072711664886393875
FR024111,0.011551605431728595
FR031203,0.00016090480306447287
FR025827,0.013267264247350885
FR021844,0.0058584042330382296
FR029340,0.008794738904323106
FR028254,0.0026782198736868532
FR025448,0.011687828402789518
FR029576,0.004380221439449205
FR022644,0.004391499168551528
FR024537,0.008025616186018984
FR022931,0.07449697784859655
FR024712,0.011980175253536146
FR022852,0.0043225902283069145
FR023154,0.010601966795086931
FR025592,0.00041892510858468834
FR023938,0.025282611933637452
FR023820,0.020645325360222705
FR026612,0.011801306744919813
FR024269,0.008982456137568115
FR030460,0.014340256133111552
FR024489,0.5580134015821492
FR021407,0.009922024255351294
FR029504,0.00900000491009128
FR020465,0.01653338364761792
FR031249,0.007217390463346463
FR027184,0.006621300618356134
FR029584,0.0036850880800546057
FR031479,0.006258287681692462
FR027419,0.002398027678441535
FR030920,0.004316800178682836
FR025043,0.007276985352163596
FR028616,0.006858411111101804
FR024006,0.005839665226409963
FR023903,0.0052860876337602935
FR029113,0.004313059177424264
FR029565,0.005719689084956175
FR026742,0.025846070205477863
FR025913,0.006419061356794066
FR025798,0.016713809677045804
FR021215,0.02633087401384805
FR020388,0.012856588870351439
FR022768,0.005116832358940423
FR023768,0.11452438156954017
FR025874,0.008057069121208472
FR024547,0.013628546070013995
FR025583,0.006209043060646121
FR027226,0.010898869992691717
FR030941,0.006947332886880548
FR026912,0.007928832287512587
FR024082,0.008218135849776934
FR030353,0.013996567177404173
FR020837,0.004043346560329086
FR023051,0.004329383201327732
FR028514,0.010574355464784515
FR031784,0.006639286818694297
FR026687,0.000887994025860894
FR020124,0.00594183379643181
FR029983,0.001393276416438153
FR021092,0.0025317759060556463
FR027671,0.0010219848595819415
FR021699,0.0053440604080198665
FR020289,0.009998654442348574
FR024359,0.046140139600212425
FR023890,0.04396515413000688
FR029088,0.005774660960229076
FR028268,0.007853346609662946
FR027832,0.03385572199872563
FR031635,0.010957202867379836
FR026448,0.033618904351276714
FR026114,0.04162236132917184
FR020332,0.007731992378720677
FR030325,0.005065959843682314
FR028623,0.05205531310064183
FR028974,0.00219521017620437
FR030580,0.01013405661885326
FR028191,0.004918455545620934
FR024319,0.014363030752275942
FR021104,0.004067229824377405
FR028150,0.004447347612433492
FR027549,0.02016686233650632
FR029661,0.006050546297897154
FR028249,0.004051428066287258
FR028003,0.006135382418266656
FR022418,0.006729346872581381
FR024448,0.026229361853218558
FR022453,0.01100529683247352
FR028604,0.008617372042547942
FR021632,0.005853446851571678
FR020081,0.013806537913549445
FR027175,0.002848915616078283
FR020534,0.01238622186943123
FR025984,0.008582802056736687
FR028570,0.002567466005406276
FR025001,0.009813186649333729
FR022611,0.010587976706241514
FR031085,0.006311682785227138
FR025638,0.00430672456214207
FR020103,0.011317882350240002
FR028932,0.03515115401928376
FR024686,0.04781000083881089
FR028266,0.008210966340122501
FR029702,0.04348894535390232
FR021833,0.005083653414590669
FR025061,0.016229746996985504
FR026680,0.11194557415487014
FR023679,0.20698008139671475
FR021617,0.007620883735120198
FR028246,0.014740955261664418
FR022123,0.13795285746835012
FR029297,0.0024794000657385176
FR024094,0.04903059977409389
FR026490,0.005366381242323164
FR029674,0.004743610043416785
FR023892,0.46555114583927115
FR031709,0.009152779578675364
FR021591,0.0012927651932719431
FR028602,0.006149577671126566
FR028737,0.00772339918619519
FR029577,0.014359463522252815
FR026750,0.013221438143922945
FR027062,0.005351367672871007
FR031335,0.011487110076841995
FR029871,0.007988312625879993
FR020650,0.011823610800788954
FR031321,0.016414025201987564
FR031155,0.026879946690994035
FR023162,0.005757625165793166
FR027540,0.43192394010962026
FR025157,0.004389231171477589
FR022951,0.004701264435475385
FR031907,0.006786925007247959
FR022058,0.009607275238320327
FR030760,0.006473829520125803
FR026323,0.02285129902222883
FR023195,0.0176940734855073
FR031114,0.0065434117857524725
FR020601,0.006129679598019572
FR026729,0.014601001585364922
FR030088,0.020669541057468918
FR027165,0.016150088681197983
FR021917,0.006284097428700657
FR022959,0.008500780810977238
FR029147,0.01781178007425911
FR025230,0.017747898519156424
FR027785,0.013654867343783742
FR030176,0.0538599434984012
FR029349,0.003143688744973308
FR029900,0.044489463398393866
FR022472,0.007638662926335853
FR025245,0.005570696608482589
FR021313,0.025529622571615923
FR023993,0.0006607049982048302
FR026517,0.039220746141428814
FR025634,0.005599121647465457
FR029875,0.007040303542482759
FR027412,0.026511286516862832
FR025676,0.039897581772456864
FR029191,0.0927833623898871
FR027432,0.026573216428666193
FR023228,0.0027688883286814325
FR028197,0.027898116679274776
FR021444,0.008307454636649806
FR021355,0.005486631086582471
FR031680,0.010114489294860116
FR029287,0.008164073933570524
FR022366,0.010227533476366313
FR025095,0.004398849354223988
FR025790,0.009775508531910632
FR024879,0.0028166730468859344
FR030794,0.02196264506367445
FR022446,0.012510772415247224
FR028192,0.03195421172933351
FR031693,0.00419118632036592
FR022239,0.0036674847027938044
FR026769,0.033941941489895704
FR025597,0.006873859960923429
FR021826,0.0025840066219527014
FR022066,0.0017578513126986562
FR027930,0.01775561314697906
FR026439,0.013403731112993204
FR028880,0.017635620914502124
FR026576,0.03171193845988879
FR027051,0.0003349022914905118
FR024271,0.009421186003222672
FR025373,0.03277278358982552
FR031138,0.003722195143459951
FR025842,0.018261402988378153
FR024293,0.006123916039979382
FR031094,0.009177211596682808
FR027759,0.01053867582305713
FR026299,0.011538260268285933
FR029530,0.007606780230972398
FR024506,0.00587095532690162
FR020272,0.005629729972793341
FR025781,0.005051246047985636
FR028758,0.12998116850948105
FR020999,0.02232007102771537
FR020953,0.01014170580399925
FR021303,0.015089095610335944
FR030766,0.010652774755413758
FR031182,0.008949456125144946
FR029498,0.04016958851291854
FR031678,0.010193665895164785
FR025348,0.0041531740685546124
FR029051,0.004596798622457773
FR026926,0.015375853684218148
FR021136,0.010908303172309902
FR030630,0.0008352031725814337
FR026949,0.020016050586820204
FR028603,0.11092169535553416
FR022456,0.013585271418877604
FR028226,0.06577392769247052
FR020629,0.005574044382932983
FR026225,0.009336167980285751
FR029447,0.009468098741053754
FR027869,0.012399349974285635
FR029037,0.012665056891761707
FR031453,0.03359206611810451
FR027534,0.01595920404634692
FR021479,0.05993931034362045
FR027267,0.03027446145319196
FR028447,0.01703606929432777
FR026285,0.007908500897952937
FR030495,0.026068350272076088
FR027636,0.018314216471557513
FR024739,0.014938399907395813
FR031451,0.007023694365403156
FR026989,0.013019059269746995
FR024584,0.0053397355388158825
FR029313,0.012660674166457024
FR030393,0.008842554197204285
FR024349,0.014312782922988588
FR024176,0.01286076095992086
FR024726,0.00522225007276778
FR020362,0.003326212400970571
FR027348,0.011012617656361684
FR022152,0.062291895842333536
FR031266,0.005851597777813928
FR027897,0.0067305583012920505
FR023888,0.006649891399047561
FR030650,0.032761583192481666
FR027917,0.043673794144916546
FR027375,0.006980029914807151
FR021042,0.014322057927580966
FR025666,0.01770799523518945
FR028792,0.11683985563345231
FR026493,0.005073004149646129
FR026929,0.006343182170777444
FR024029,0.007601478257344653
FR028710,0.014680722246260403
FR027210,0.04309058079312379
FR021386,0.007655955881456961
FR023994,0.007246260717608287
FR030708,0.0035708157996291604
FR030425,0.017761169840704322
FR026765,0.01295333471877105
FR022585,0.02872585546643059
FR030697,0.0157136497406298
FR031376,0.2076691016218966
FR021175,0.005912312312324955
FR030168,0.004177023635859429
FR027364,0.008804840736907474
FR020907,0.003001310884827319
FR024828,0.0019334670669775196
FR027558,0.022934912882753438
FR028025,0.013082700948886077
FR031024,0.0029694824800836307
FR029231,0.006762786956717339
FR025701,0.007358332785686337
FR026875,0.027683582456710192
FR028672,0.031789575580388765
FR028033,0.010018703878855137
FR027952,0.012788721681316752
FR030984,0.003389482463558108
FR030297,0.04579711511176681
FR027849,0.042289222721041235
FR026617,0.0662980796204119
FR027694,0.016994412991788575
FR028237,0.04064271976880076
FR027585,0.029057968838840518
FR029148,0.015767499080303966
FR026719,0.010480077124159312
FR031452,0.0058412879086391445
FR026270,0.0059065450689228935
FR024838,0.007805588520082221
FR028834,0.003307098941778427
FR029647,0.01473680500492714
FR026945,0.10458355836101635
FR030255,0.01840591497340163
FR025970,0.004685054893661473
FR031200,0.0041443083652858755
FR031912,0.023755206939354356
FR024644,0.0047130348623514486
FR029925,0.006736650137121271
FR029844,0.010702497756607523
FR021959,0.0162867046234111
FR021208,0.004053705938230036
FR028659,0.007185999431819591
FR028184,0.004173568436726532
FR028711,0.004771959365874632
FR025022,0.006307789740032807
FR020611,0.01653118827361938
FR026871,0.008623105389424018
FR020984,0.00399693440357976
FR026086,0.00943820071633696
FR020166,0.010756385854743703
FR026971,0.00953832462753489
FR031941,0.009268944146034304
FR026196,0.008965884823801678
FR025469,0.01908163787369139
FR021371,0.004797583078544293
FR026681,0.009385568611342958
FR031575,0.01125175286473326
FR023293,0.04058488642462498
FR028722,0.02362458305867612
FR026006,0.07252189721045693
FR029712,0.018842602138002464
FR025945,0.011033712470903824
FR020225,0.004896775810908617
FR022048,0.003927207999585267
FR025123,0.005402139558991864
FR031715,0.017258526932199814
FR027565,0.007758729008474444
FR028615,0.01673857375499499
FR029821,0.012041285073824494
FR023309,0.022111861833114185
FR028428,0.011401276132369124
FR031737,0.02510070879421045
FR029145,0.0033435827011200304
FR030563,0.007792187065321037
FR025754,0.0031569157441814913
FR028175,0.003731628809630737
FR024275,0.008628287300905983
FR024654,0.002899723596852776
FR027672,0.0036493912425791873
FR027093,0.00213966254743782
FR027116,0.005545273575820043
FR025236,0.0025796656851907
FR021107,0.0047257243261649776
FR024658,0.03455526121317832
FR022334,0.0049838281726996125
FR027960,0.004484526464743978
FR022613,0.005407170908082034
FR026302,0.006629654708962668
FR031587,0.011696620731338961
FR023269,0.009338534423801477
FR030455,0.007987831685298569
FR021387,0.009892378875378116
FR023390,0.002791517462542561
FR022732,0.028221476568658276
FR021749,0.004908573413356489
FR020274,0.24852513788863798
FR024659,0.007880107639227928
FR030031,0.006828317431463832
FR022896,0.010678479030026507
FR023967,0.004032173325858626
FR030890,0.013228305010621723
FR028956,0.0357244001951146
FR024764,0.021365116461914427
FR029657,0.010854274344565831
FR024768,0.007417033405452887
FR023155,0.0064270226434789595
FR021643,0.016514513233032706
FR028743,0.018135110553866924
FR023556,0.014097090526017035
FR026910,0.006205857480658597
FR031032,0.006906428976881626
FR024397,0.027232100306760387
FR020734,0.0035740565444628562
FR025787,0.0051374353028387386
FR029195,0.002860653618378368
FR028770,0.013345114757145544
FR022269,0.06700407868508132
FR029953,0.011957356851020524
FR031389,0.004124934068781399
FR029125,0.0038358839757503967
FR023551,0.022548464156276433
FR026717,0.00045757790203699395
FR031224,0.003584809026055268
FR027016,0.0030655156496614735
FR022198,0.012291691855239085
FR022880,0.013006380203183157
FR031719,0.0015884330136577652
FR025317,0.035287736271950955
FR026391,0.0026398538749312136
FR022460,0.012389015384476466
FR021814,0.014304189251187848
FR030606,0.01683239100637899
FR031489,0.06496081286499204
FR025545,0.00611883580395338
FR028875,0.03886511119217893
FR023675,0.005495350421905888
FR028281,0.0009259745805676697
FR024578,0.004266921166331605
FR020841,0.04091073925098126
FR031001,0.007513863949870375
FR031043,0.01547726606005706
FR029177,0.03291291661385571
FR025102,0.20769559032672788
FR021019,0.006023837122856927
FR028474,0.007861301542554761
FR022821,0.02440185292416011
FR025508,0.006713404044406293
FR030749,0.017014386349107583
FR027416,0.00567241292223411
FR025389,0.007362608504726419
FR027919,0.005678344470607272
FR031937,0.006508400563616133
FR021977,0.006867277970811285
FR027643,0.005384985476356159
FR025657,0.010865485537234192
FR030753,0.010473374060408417
FR020334,0.003665467556813433
FR026948,0.008492673851351058
FR031674,0.005110694131808127
FR020080,0.006924641234975089
FR021667,0.046696178990508846
FR022091,0.00821088202376019
FR024981,0.005705638509289861
FR030120,0.009546697290340123
FR028906,0.005573235566456919
FR031669,0.03482638150860606
FR023779,0.027682778190108913
FR029399,0.03443638716243548
FR026264,0.018445498417595872
FR031675,0.005132155788667549
FR024587,0.009511388783875438
FR022974,0.005772369900945387
FR023444,0.030892078637974694
FR026844,0.01218353376749977
FR020131,0.008206627705703833
FR029270,0.00653784608034373
FR024241,0.006821334755255231
FR024522,0.008326905536210046
FR029093,0.004857666271859209
FR022954,0.003960970419091081
FR023468,0.004172082914674134
FR020689,0.08570272835012924
FR023226,0.013105060523509696
FR031093,0.005399009595770182
FR030372,0.006401576532102966
FR024107,0.019315508688164597
FR021083,0.009452433054129378
FR020283,0.005512023079266139
FR027345,0.02335708776557627
FR022730,0.004781810035632682
FR020028,0.0033109051175932726
FR028333,0.004989325527503651
FR023237,0.0049327345683405155
FR022230,0.3311292733178287
FR030802,0.008974806865519405
FR024979,0.009850260818021922
FR021214,0.01926719165956204
FR026161,0.00651930553501397
FR025955,0.007910833310926072
FR025074,0.014691884729114353
FR029976,0.055089401450455516
FR021549,0.02735018957182443
FR030475,0.003088745762718082
FR027926,0.007774580917994582
FR023705,0.010218325909160527
FR023153,0.010244179778320013
FR028779,0.004196930082708547
FR021174,0.3131792066193191
FR027615,0.00948305335467482
FR028802,0.008107482142176256
FR020503,0.005986374420001317
FR031263,0.03489801702789254
FR027356,0.012951617316445263
FR031485,0.009242962856793643
FR025517,0.0103871228570998
FR029019,0.01147620414848707
FR026382,0.005761822339314902
FR030074,0.00308251611467508
FR030354,0.01531618471795126
FR028568,0.018724998375291294
FR023921,0.005188446807152098
FR021246,0.0029206049967223334
FR027286,0.01864868475418922
FR020252,0.004672606397497148
FR020302,0.0037390176321326083
FR020898,0.010436171614831737
FR029193,0.0067100707400036385
FR028228,0.007060212799068248
FR031892,0.005330513986171841
FR026643,0.0031659725988688048
FR030295,0.00272110952896126
FR026815,0.005680793328338397
FR031752,0.003548045842308037
FR025761,0.007962491604308619
FR025596,0.00447090127580637
FR029869,0.00936188212969003
FR029783,0.030088854664010622
FR029748,0.008734480175535873
FR023133,0.015310780585147106
FR024983,0.006420397368335177
FR027564,0.006232934361692358
FR029634,0.013084982876800334
FR029632,0.005165754886168319
FR023479,0.030819138373424072
FR023075,0.09488371121068025
FR022236,0.012292314422322507
FR026111,0.010675145162013466
FR026025,0.01223055453397574
FR027543,0.007877646139971736
FR028593,0.02302218413304599
FR027524,0.0882317459455467
FR030209,0.05268908963314669
FR024205,0.031690034737509566
FR027131,0.23919040335792632
FR020546,0.017051239165601653
FR028896,0.0060049364535490115
FR020045,0.008940205407929917
FR021642,0.0035477239925264708
FR029152,0.02131557384709332
FR023150,0.029342953024691903
FR024196,0.009690592592459255
FR029283,0.005447285611555511
FR030155,0.010437343547048923
FR031903,0.012688970891879632
FR029150,0.0110859782146002
FR028503,0.016783582968417705
FR021704,0.006084632466984227
FR022621,0.00413334947601664
FR022866,0.01882441738235026
FR027899,0.007596729587666049
FR026883,0.08893906933397573
FR030322,0.00041597901667613164
FR025273,0.005291163849317971
FR025281,0.0030940428601587207
FR027596,0.008193068478994692
FR021070,0.0009178927636419969
FR024086,0.005712558145803136
FR028842,0.01438812383223106
FR028883,0.02194995902207736
FR023915,0.006519070770492337
FR030336,0.008923553035839495
FR025297,0.009755383203704733
FR020186,0.017293033297484234
FR023047,0.004948855103979522
FR023545,0.02374965327356976
FR023977,0.005760051021271814
FR021006,0.00014775803640273698
FR031532,0.0049718661671619485
FR024521,0.020362055958671733
FR029916,0.01770138207203525
FR023245,0.010351179897989069
FR029026,0.0073288261840167845
FR029472,0.006299367436023403
FR024552,0.003168309404767039
FR029285,0.0070345987136637665
FR023736,0.008926661988726568
FR023654,0.0042250667462943505
FR024302,0.01993742199072777
FR025491,0.004589939327213482
FR024770,0.0060168080023984515
FR023664,0.008004159238416178
FR026019,0.0037017484699398283
FR021020,0.005763556862637426
FR021650,0.0064690962951027085
FR029601,0.004835317650395333
FR020776,0.0050963058957185815
FR024613,0.034658739954230154
FR031949,0.025076050757905526
FR027100,0.0829853385592844
FR025730,0.006962453367218396
FR024032,0.6025500807312278
FR024532,0.025270933491963667
FR020395,0.0009233696958460394
FR030346,0.012917411859413877
FR020986,0.44832368052466615
FR027141,0.014507915879960361
FR021440,0.017227139340441865
FR027853,0.0062739817125928
FR028086,0.008568404780012081
FR031922,0.00936576159245138
FR026165,0.005134659491154293
FR024872,0.004554438372542661
FR030452,0.0036837824804451316
FR028241,0.005418085209301136
FR027968,0.002691724327969863
FR030669,0.007309366221979758
FR020396,0.0026208800000092525
FR030899,0.00980707845393541
FR031765,0.004218257385048436
FR022554,0.00622751492956112
FR022085,0.007604892989531905
FR028977,0.007160825094556791
FR021349,0.06266824603751239
FR027991,0.009971380661372308
FR022799,0.00933350378712419
FR030575,0.0035062666513105455
FR029600,0.00573972005570602
FR031699,0.015085137237053391
FR020827,0.00912477426415399
FR022069,0.004041691001241761
FR029298,0.010197444166245653
FR025540,0.02716043634964613
FR026581,0.0465459403040289
FR027444,0.03537625225635434
FR024315,0.0030759365613536025
FR030121,0.0011059588524425868
FR020165,0.008564966449804486
FR030662,0.008926916757913007
FR030506,2.2855743475160655e-05
FR025803,0.005982544712085006
FR027294,0.0027368464075486947
FR024162,0.001299709301758428
FR030321,0.008752916631590796
FR026533,0.004056504630253221
FR023979,0.007047711800278684
FR030157,0.00302094098949757
FR029919,0.0037744319225006847
FR027804,0.006244234032339643
FR022314,0.008930289223158715
FR030239,0.006042621607047416
FR020344,0.0035626561854845357
FR024421,0.004322472880262951
FR029836,0.005413733910885916
FR026204,0.004635475509531221
FR029001,0.021215436203169152
FR024671,0.00037312555306348274
FR025521,0.00442899740180368
FR023727,0.04440603437379269
FR031995,0.0213808196925745
FR025070,0.012803226295990193
FR020960,0.0009525725680032493
FR023348,0.01021627623771769
FR029204,0.007195626321858392
FR028209,0.006181208117892226
FR024297,0.011200398468128269
FR030422,0.002775997039269268
FR030221,0.008399138770145023
FR030639,0.004961121029013288
FR027303,0.007958237870160203
FR024725,0.012996262227004472
FR021980,0.0005122569023016367
FR028972,0.007315243236512814
FR030197,0.002656966667497699
FR031580,0.005183348864236348
FR029589,0.017287388023635053
FR023841,0.01314553835197673
FR021637,0.005117865632230025
FR031183,0.008412767933448915
FR021055,0.0405796775070426
FR024504,0.005165603110401001
FR029905,0.002848836954940747
FR027850,0.002564458353968751
FR029561,0.0052747205759764455
FR024069,0.0029663175662998243
FR021966,0.00618324029866228
FR020512,0.012573234171161941
FR026799,0.012159078135452837
FR026300,0.008137910619704465
FR029849,0.004504567310775121
FR026924,0.004946746882752803
FR029520,0.014627363842991965
FR027911,0.0021880034662568716
FR022655,0.019954322370354022
FR027905,0.07730291753247058
FR031293,0.015197167562686244
FR024970,0.002928445812030765
FR020517,0.005670221383578106
FR029635,0.0048805980750705105
FR029757,0.008475652621428563
FR031228,0.013460806125186634
FR028985,0.0030992492099058654
FR029024,0.014861787196988616
FR021421,0.003780486642595093
FR029524,0.006697029919878511
FR029356,0.20655695479793576
FR027635,0.016205992058392512
FR029423,0.005221382662403141
FR030338,0.00457734052559217
FR020293,0.0002299268761798255
FR027001,0.011887771405177517
FR026041,0.005987218865633261
FR021941,0.00613452709309529
FR031406,0.01264741758601237
FR029877,0.003927871000303548
FR020595,0.006439627227517936
FR023614,0.02082149812636073
FR024716,0.00499998093289168
FR030863,0.07949074204975395
FR030747,0.005232163163257627
FR031759,0.0044988977705411924
FR022824,0.0059247244414401806
FR026494,0.01111615914994084
FR024567,0.0012373963160296527
FR023897,0.0063239307410041514
FR027622,0.003142141083338199
FR023837,0.0062479185103635195
FR022248,0.003743401128270075
FR029834,0.003696079016635159
FR021418,6.919974816120153e-05
FR027751,0.005576121296466738
FR026800,0.014415347897969324
FR023066,0.017924423503709076
FR028553,0.026942524315532717
FR028521,0.00462101987715733
FR027300,0.0038576706191568336
FR027067,0.01068746164718525
FR026661,0.0032003717318951556
FR025131,0.003947073230530215
FR029854,0.0034383240516775806
FR022675,0.0032681192240653703
FR030040,0.006538047430007
FR030180,0.0216634527417814
FR030170,0.005016339732951815
FR024822,0.033552157347290376
FR024280,0.012709260462550982
FR020590,0.004214379197172317
FR026292,0.0012877060658238945
FR031815,0.0061039985059590995
FR023693,0.0065192770456732494
FR027454,0.0002248793857634486
FR023925,0.01162181111948619
FR031767,0.010631352097718321
FR026922,0.055270322297647535
FR022537,0.028207312249924996
FR021638,0.005258465577426207
FR024679,0.0031166272497072664
FR028584,0.057977280653165604
FR027872,0.02071663753499025
FR021653,0.008773167618104758
FR025341,0.022691204457570772
FR031184,0.014172328888789363
FR022481,0.0074040128471092115
FR022965,0.002504549697521737
FR023115,0.0025237054620937042
FR026201,0.03280222232405408
FR030454,0.0353149355681457
FR031684,0.0077487614134016045
FR031430,0.015953639748413833
FR026823,0.006322647712654735
FR026427,0.02391946504366907
FR029549,0.0031207864095808705
FR020094,0.004072535074576009
FR025258,0.009931442949033299
FR026489,0.01577886364580973
FR020457,0.0030541489274531473
FR026320,0.04698783272105472
FR023834,0.007225507477064003
FR022999,0.00017280719496950913
FR028140,0.006010162450049336
FR021030,0.03451145032384775
FR030888,0.0066295483332490844
FR020574,0.025346191074295792
FR031096,0.08235831888457011
FR025778,0.012287521391682488
FR027971,0.00825657001720178
FR021802,0.1212070905821177
FR030611,0.003094965971277704
FR027680,0.026258564941057837
FR025353,0.035934080437651346
FR030633,0.0038472207371868243
FR021758,0.17860761340977188
FR026852,0.36474981850708194
FR020908,0.0031026612085547933
FR025854,0.06195314211061571
FR031565,0.012295963085470756
FR028540,0.012220873028594146
FR024045,0.005151264027954146
FR031792,0.0053893303846306775
FR024308,0.005936619626228358
FR031661,0.004580042117039917
FR030340,0.003567421197171346
FR020831,0.00469534664646912
FR023481,0.012781406734655647
FR029023,0.009598416980113511
FR030388,0.008324257600347712
FR025170,0.006873234607982716
FR025686,0.004946912714686991
FR030334,0.002794916481483689
FR031019,0.032857631671457915
FR028198,0.004554063200899218
FR027582,0.026360201609253064
FR025720,0.022324826042981083
FR028295,0.0036373154700963333
FR022947,0.03710551883497076
FR026961,0.0023029047324395146
FR026813,0.05944015055171412
FR031018,0.005447259606922679
FR030564,0.011477640158089393
FR026860,0.004375174395378334
FR028376,0.005945744267254213
FR024267,0.004416025717631362
FR021644,0.006793651642575303
FR028326,0.028795282094079517
FR022908,0.004958006092373583
FR028035,0.03986771855618993
FR022302,0.030234002110145496
FR021000,0.005947405117447144
FR025107,0.011582551477145145
FR024090,0.0034999140748719513
FR030845,0.003947949716788368
FR026162,0.0024635520655080477
FR023057,0.0056610924722667955
FR029189,0.0010764858432936787
FR022200,0.008511176796335658
FR028508,0.005899869338822654
FR022149,0.007305060166324024
FR030727,0.004277603416394896
FR023210,0.0036645480724367273
FR024485,0.03664238545197527
FR027878,0.012315613950592936
FR031507,0.005550334612679221
FR023692,0.011313164153385697
FR022742,0.016987719276582866
FR031152,5.541236245676302e-05
FR031153,0.014734784707601426
FR024456,0.013900533302723554
FR029232,0.00027239124010510184
FR030743,0.03178030555163088
FR021420,0.02086229313070881
FR022111,0.002490394033563975
FR020849,0.008144231292978563
FR023618,0.0280826478964179
FR022541,0.005763697786571769
FR030566,0.003948879075574377
FR026916,0.00582054287890587
FR028158,0.001127154560799794
FR030361,0.02748599657971193
FR030439,0.005076064581144121
FR026193,0.0034253975084371493
FR021272,0.007754702764473441
FR021881,0.014872728540262736
FR031080,0.005030364830444918
FR028643,0.0067388077116508445
FR028995,0.04791640607828795
FR028633,0.03648303888590271
FR028367,0.10491766820651276
FR023631,0.0007075087131231165
FR028101,0.017591708621791664
FR021009,0.163179027998634
FR024486,0.0052540183923730005
FR022208,0.014587971227679051
FR021615,0.0036716761990206685
FR026362,0.024411753916294857
FR027959,0.006142245797368248
FR026232,0.0540002198540191
FR022144,0.012298431203854945
FR022255,0.003866495212546033
FR025670,0.14382001622701956
FR030306,0.11201848721008967
FR022975,0.01078543886503965
FR030185,0.007023642561264643
FR030517,0.055885150192264935
FR024157,0.023372025759215577
FR024511,0.0034695766835788153
FR027166,0.014586746043266013
FR031316,0.010238923442773685
FR030879,0.002791294901441954
FR022394,0.003596607019105373
FR031084,0.004484049688441254
FR026328,0.006467592248271033
FR026462,0.007264306801550374
FR030374,0.047348403798797276
FR030527,0.02409267581455619
FR021008,0.023726903824275055
FR028979,0.05202841107628748
FR029540,0.0019295578120885814
FR026894,0.003942778509612429
FR027642,0.015039231968293054
FR024043,0.09458858707254443
FR027593,0.003698102872328203
FR023166,0.010613129447572691
FR023534,0.009005053625959238
FR022790,0.014459074784152462
FR021874,0.01476505264998668
FR028089,0.04601754286614657
FR028976,0.002733850353557996
FR023331,0.18876329073822595
FR029015,0.007345986814354007
FR022505,0.0023225061056283756
FR030358,0.01639134080870676
FR025748,0.0018452088446267042
FR030093,0.013365090152380054
FR022020,0.007767877513389607
FR030939,0.004110387039455069
FR028068,0.013977729202968133
FR022837,0.006463004265830015
FR027428,0.007738328952063153
FR031732,0.013247000260954498
FR030465,0.01014602977291164
FR023394,0.008000843263288794
FR031630,0.00958141691473224
FR027072,0.007601829626947911
FR027233,0.006849415049987632
FR022215,0.002302695818890472
FR024430,0.001625068778448285
FR023886,0.00036654994206110233
FR020927,0.016247025153191912
FR024860,0.0030354957636231795
FR023191,0.011545582986349362
FR031242,0.028319785165430277
FR021968,0.0031073882307842394
FR024026,0.003949755656651049
FR029599,0.013170243840392481
FR024972,0.029705088514807198
FR025072,0.04461795590877934
FR024949,0.005597641337757316
FR028606,0.029781803863908968
FR027949,0.10476440575914428
FR023399,0.0031053156533542023
FR029040,0.004449166690822103
FR030699,0.16869751022689627
FR020181,0.008143767150044124
FR028037,0.01801191790830437
FR022681,7.610890660062332e-05
FR026973,0.00322845582337748
FR027429,0.0015807781105258828
FR028223,0.006362446516205354
FR030194,0.010916055489004076
FR026451,0.003394639020184589
FR027406,0.006229089219807885
FR026130,0.019963990832473393
FR029499,0.006506170104461951
FR028678,0.00428659915025484
FR021950,0.007070895167174363
FR025038,0.005808731482747594
FR023747,0.0057767158927085486
FR028624,0.00550185498657942
FR021110,0.0024041283909852123
FR024631,0.005652946981293175
FR022246,0.002630771947868779
FR030968,0.017000424157982436
FR024350,0.03207877370512494
FR029435,0.04674234599980804
FR025367,0.024160810571620294
FR025308,0.0032763372365785188
FR030906,0.000511385331975748
FR031208,0.02150044653238026
FR030785,0.0030451291318532286
FR027479,0.02988073468567503
FR030044,0.002873452897491532
FR027460,0.0036311506657542166
FR031392,0.021794372434567146
FR031744,0.008079006553568269
FR027259,0.0023294593727681097
FR024047,0.23592357195335212
FR030160,0.0011758630001731378
FR021812,0.004710672178275894
FR027963,0.008288830059422233
FR028929,0.006530240930983571
FR023408,0.0002540470039668529
FR029517,0.013525393202046918
FR022519,0.0043580617635103945
FR025497,0.022901079024367915
FR021508,0.005165511561760259
FR025595,0.021907090431743704
FR022358,0.030253625497604887
FR020227,0.017686024358239873
FR028561,0.009259089616296973
FR027701,0.00810935530205684
FR027774,0.007486206624538245
FR028341,0.0037602454613194967
FR028662,0.01116172755792704
FR023870,0.18470710956308636
FR022403,0.005910510879486005
FR021811,0.049607143529439374
FR023572,0.008084255399196428
FR022033,0.004246112088720083
FR029263,0.006031164340847675
FR025225,0.009844467279919986
FR022251,0.005029877914445603
FR024795,0.008886437053534871
FR026851,0.003045401735233106
FR023376,0.00912737662050948
FR020597,0.10235156657756019
FR030770,0.00619638694590689
FR023969,0.019449023549005545
FR022019,0.00509216644849976
FR022337,0.0041731985484704335
FR030366,0.005259294698126395
FR024678,0.00300523077005928
FR024730,0.05847654418022303
FR028878,0.004375356131358724
FR022791,0.004710974759440727
FR024758,0.04571836698271241
FR027056,0.005211073115170512
FR022538,0.05953523827405731
FR022386,0.017964687173937396
FR024051,0.03454960737723968
FR030067,0.004662598102204116
FR022884,0.0010705061520305003
FR027495,0.003649163075862421
FR021846,0.0032162494302050955
FR024782,0.006585573892288208
FR022279,0.010364053078122335
FR030822,0.0038443771140363133
FR031700,0.006222050977263027
FR030487,0.020031852961077345
FR029676,0.003137773408036208
FR022861,0.004994344027040431
FR023353,0.0036501423276899844
FR024120,0.005530357159712569
FR028753,0.007774991039058223
FR023062,0.016555012831937124
FR031304,0.010270003953359494
FR026826,0.0072840631778739616
FR031577,0.0029588770446470243
FR031552,0.028678086310409332
FR020054,0.0026727606342489625
FR029481,0.003780868342588326
FR021695,0.0022533715889107714
FR030098,0.026777527648616406
FR028679,0.0034970548696117145
FR029670,0.004190611491137663
FR027471,0.01571784626784796
FR020351,0.007260135454121739
FR029617,0.15658535868511356
FR025988,0.01781040124418812
FR021463,0.014541262360156838
FR030132,0.08608238117039557
FR025325,0.010890528007638836
FR028097,0.004835936778000001
FR025897,0.005156353960512396
FR023023,0.0029501861950602935
FR020657,0.0039602763406588045
FR024204,0.006200203580881004
FR029829,0.006726383821239879
FR020305,0.01120673392949593
FR023983,0.0007220180799847022
FR030257,0.009030321428324706
FR021554,0.0031817106609405895
FR028465,0.002208375177504971
FR020284,0.004075104277439278
FR030035,0.004983330683677401
FR027140,0.014575600483147958
FR025916,0.004498673778137023
FR023518,0.3889749783391682
FR020566,0.005949346094139672
FR030398,0.019609110559943143
FR024904,0.005990612156861561
FR026418,0.04085178304218437
FR023934,0.01479679436619509
FR021804,0.007318612449788543
FR025323,0.014426173661026203
FR030092,0.006210232726117347
FR026879,0.00805642343213804
FR028065,0.0026978140685935434
FR023431,0.0022310882671183075
FR024755,0.03602878082382174
FR020699,3.304019987915291e-05
FR030099,0.004771879460711823
FR021627,0.0036988763527565946
FR024376,0.008070599438598827
FR026404,0.08824804948315224
FR030145,0.04154560052701773
FR025522,0.0116244923111412
FR027485,0.003436337564692868
FR027221,0.023415394081416727
FR031858,0.0020170867378035387
FR031168,0.00421214624101445
FR024261,0.013466733583208233
FR030846,0.006142681804361599
FR029992,0.003079874062603321
FR030293,0.0043803228707061884
FR021974,0.009027186917553432
FR030859,0.02360112266216622
FR020219,0.010394329211620942
FR020524,0.7514357516731744
FR021770,0.007035849003516619
FR028860,0.006170348717946324
FR027637,0.003993884334086589
FR028811,0.008771364121441005
FR024347,0.023009147465219718
FR020778,0.036514806682671576
FR027125,0.012339534741496561
FR029428,0.002604771640622852
FR024901,0.010538771052534259
FR024531,0.005055789442742122
FR026136,0.003551919119748776
FR024728,0.0027861984286012653
FR023085,0.006815684940524685
FR029049,0.055166391029188126
FR031491,0.005636127701145767
FR029680,0.008336897622754793
FR021784,0.009122214547823587
FR022313,0.0006858971108962359
FR031229,0.0056598030589382654
FR022558,0.0007678385367758779
FR025805,0.009400575752295578
FR025835,0.021114147732772006
FR025811,0.010404740842246433
FR025295,0.0036253991770784986
FR022673,0.07039164127728409
FR026160,0.0031450533847949716
FR025260,0.004647120599815482
FR021344,0.032209274358205885
FR030050,0.013254905949449019
FR023939,0.010102143096986656
FR025442,0.003280797726179439
FR023139,0.009273274653949408
FR030236,0.0059083395767362485
FR023978,0.004974618243798568
FR020551,0.023779907947447124
FR028658,0.01242183114742082
FR021581,0.005286512908156007
FR022553,0.008186470524321992
FR023644,0.022386202905986825
FR022929,0.0004699075331224847
FR021292,0.026879619597182207
FR028596,0.009427499780707851
FR021808,0.010000086810416498
FR024168,0.023535199231374926
FR029316,0.1877525672617643
FR030966,0.0037283886520527863
FR027143,0.012804434428548771
FR023310,0.0021989515383516256
FR030174,0.015050879866140787
FR029644,0.019963931468848888
FR030543,0.005740842276119484
FR031088,0.015259368888584287
FR023360,0.00489101727653109
FR021943,0.0028641315981864984
FR031608,0.011349684451087763
FR027827,0.027802197998776153
FR021171,0.014226546242211913
FR026602,0.023065247632836034
FR029087,0.0037185312927238033
FR027859,0.007741395055343689
FR030588,0.00575612579331136
FR026939,0.004418157220922894
FR025926,0.04851727563801923
FR022690,0.010807123276899
FR027156,0.006416512154257393
FR020919,0.007358067232744122
FR028937,0.0005925437008355988
FR028684,0.0115981567075838
FR031461,0.0009106107867126307
FR022663,0.008767500969166082
FR027780,0.00757842983447796
FR021578,0.004990229918204595
FR024710,0.01908099238137805
FR028720,0.004528764787451516
FR029155,0.004066887720337391
FR027452,0.01885592448345585
FR030315,0.007462718758460839
FR026074,0.009775859500201331
FR020222,0.012985099813544928
FR031353,0.0005137780152324358
FR022514,0.00758650921282046
FR029067,0.08664072361180651
FR026050,0.017716553802049208
FR031874,0.0062529827307220235
FR022743,0.0048375187982111515
FR029308,0.006985328352630456
FR025753,0.4890334958346964
FR022904,0.0027391122458895576
FR030222,0.015027847169749307
FR021733,0.0036093437752867633
FR025845,0.008655271916416369
FR023270,0.04643851824390966
FR029259,0.014376247151788441
FR022465,0.007996358121741114
FR025872,0.004530521488036407
FR031252,0.004429073370322893
FR028538,0.17993834482871582
FR027457,0.0051789979534527415
FR021926,0.007128044909401167
FR022325,0.014802135320885612
FR026906,0.011247130827493321
FR028438,0.003316678437781882
FR029876,0.012322209472936003
FR030938,0.006415174049510878
FR026708,0.005824922975805992
FR026159,0.008518848597611182
FR026501,0.03825043275668078
FR024929,0.0427877082699213
FR030983,0.0072441407244364635
FR028271,0.00046931745685571506
FR027287,0.004740219593264794
FR027193,0.005502004492885505
FR029500,0.007712384800894998
FR025772,0.0103616004186452
FR026478,0.00010923662243222923
FR025617,0.016181504525857385
FR025209,0.10284405746340085
FR031909,0.01893803127271046
FR020149,0.021013069646347207
FR020598,0.004187701009845832
FR031925,0.0006427076368363508
FR025047,0.004718067719523679
FR030970,0.009665672395545694
FR020942,0.0052823120834747895
FR027305,0.009587034004298499
FR028749,0.02398265259241279
FR030478,0.024365949001915292
FR024757,0.002608386339967959
FR023343,0.005160927776965384
FR022582,0.007525488464820211
FR027962,0.02680265134150744
FR020603,0.020987603667094817
FR028354,0.0034992211318774207
FR023296,0.00522348345222096
FR031597,0.004944665343121749
FR020170,0.004928659402680674
FR026133,0.0035635248157186465
FR023215,0.004817742317912464
FR020721,0.012475579644774542
FR031410,0.032179796214331924
FR023843,0.007750806799911497
FR023880,0.4365464170040928
FR026768,0.003486929530962437
FR024695,0.00035367501759791587
FR026518,0.06542475147344011
FR025653,0.00019986202458885312
FR025589,0.008882288322951421
FR028984,0.002751445175240626
FR024771,0.003015487695516154
FR027053,0.013329961589373397
FR026897,0.4355910888806912
FR030615,0.019296160174123632
FR029338,0.003683083341258664
FR020513,0.010901781906878924
FR030940,0.0002999756078536626
FR027556,0.01285762006546149
FR024787,0.010614728762827957
FR029291,0.007254540066212064
FR022881,0.002062801140117558
FR024825,0.0031033349929654726
FR031622,0.01783403670313739
FR024996,0.02174840479595472
FR023255,0.00555459986863546
FR021568,0.01391818399518333
FR026443,0.004456384984579203
FR027312,0.006024522384696909
FR022194,0.00770973209706921
FR030764,0.006761435847944757
FR030868,0.009206549887794487
FR026048,0.004267938552435476
FR022428,0.002350890447285963
FR029073,0.00018205891474782862
FR023214,0.004245521579897558
FR023007,0.006446978876772204
FR023017,0.0001263240005665262
FR028832,0.004884144556625312
FR031649,0.008347219624609728
FR024651,0.009448398394871304
FR023411,0.009297876351550945
FR024858,0.00966109701109424
FR024591,0.0016971503718508064
FR022204,0.012275116326638816
FR030095,0.02031505779982781
FR026601,0.003593620498994727
FR030327,0.013083770696133699
FR025101,0.026593771931789627
FR022463,0.009052580703091914
FR030331,0.007835861113638971
FR026746,0.004303017146259214
FR031542,0.015326490391529656
FR020207,0.012337048056843106
FR031618,0.012745304156702879
FR025826,0.010845463963297731
FR029780,0.0037893477077431104
FR023721,0.015777112024411025
FR029550,0.02303489999046227
FR022910,0.003938089920501867
FR031337,0.01293802967318618
FR029256,0.010127671252916835
FR022747,0.005542547752761371
FR024836,0.007102680631902697
FR028336,0.017321554144223948
FR028394,0.005807671407942492
FR027698,0.006750142666891829
FR031105,0.003741306399197793
FR021043,0.030451387603007855
FR029778,0.004431944160104676
FR030318,0.009658681065532993
FR030038,0.003206943073282724
FR030229,0.0068713077795438116
FR021305,0.009991436468598331
FR028457,0.0027259137548763294
FR026030,0.04748304968796138
FR026543,0.004648878306173801
FR029497,0.00503630856579411
FR023345,0.009813076224529654
FR022524,0.0072913226628160376
FR025034,0.004989929671546367
FR030981,0.006406577358123082
FR022817,0.0058233560368670875
FR030409,0.0032490411328477842
FR021074,0.03236093130814514
FR027315,0.0001944208591322335
FR028123,0.01538404382831945
FR020382,0.011345562989183797
FR026468,0.0005429838946336594
FR022867,0.007890568031119928
FR022191,0.006611693431548498
FR020988,0.014993882442317067
FR022096,0.007070591864238882
FR021829,0.02715184750700646
FR025603,0.011745373823480358
FR020711,0.023419722692148304
FR026283,0.008949509045658981
FR029720,0.003113403641491999
FR021539,0.025333337070568573
FR028317,0.015002283548842204
FR027252,0.0031771163778491823
FR031431,0.002750499205674115
FR028353,0.004398488415337275
FR023947,0.006961040563281926
FR023859,0.009969697239745692
FR020686,0.003406598755047769
FR030288,0.012008790373501523
FR020824,0.0006660946557244764
FR029978,0.00306764463471233
FR029979,0.004404810137624383
FR026748,0.012111922771226732
FR030086,0.0251103805564507
FR021997,0.00026954801483495855
FR025195,0.004657356798851361
FR029766,0.004739920327645207
FR025311,0.005478179426798575
FR029128,0.00686619920329775
FR025847,0.003665682156520353
FR024129,0.013867454984094916
FR028641,0.005146155500899746
FR031794,0.004662683270710998
FR020617,0.0030207026510428543
FR020848,0.0051176110517066956
FR025414,0.01256554492111479
FR030335,0.0030818689569738883
FR028788,0.0020585666167934427
FR031605,0.017292291340582022
FR028059,0.004787079914701126
FR029788,0.01731049977156141
FR020675,0.020536426623466584
FR021934,0.004463356732858284
FR026331,0.004578995733947095
FR030629,0.0026646934332116433
FR031755,0.014262768388662373
FR022094,0.04455829691716557
FR028763,0.006106594330967347
FR027867,0.010998200122666954
FR028208,0.020098290056740856
FR024021,0.003766975041988328
FR024586,0.009434750843282429
FR021050,0.000494954622420569
FR031336,0.030309605981280432
FR027858,0.05635119848851067
FR030436,0.294642371888402
FR024954,0.014316615433704976
FR023267,0.008658849883644367
FR027591,0.14116604932695212
FR031891,0.008157776057610994
FR020340,0.01609864956439558
FR030521,0.01137846331433488
FR024118,0.024640481266332722
FR020432,0.005946191077210372
FR021724,0.004730099427951318
FR028190,0.00500546712863298
FR028386,0.005127853475351418
FR020002,0.013867729808554559
FR020310,0.004194241829776503
FR023671,0.006516206304432161
FR022709,0.06329071604987903
FR028863,0.010462130340930218
FR025241,0.0035776606971104977
FR020789,0.006805268921762892
FR028074,0.006010100480438416
FR030889,0.021667334929845083
FR031463,0.05482640619122187
FR021529,0.009197629422190734
FR027006,0.00783521103594931
FR031627,0.009350511099085293
FR022741,0.008387430244419482
FR029763,0.002238331200473744
FR025071,0.00019718806097908536
FR022083,0.0038793328567187043
FR026567,0.009555872134789528
FR027616,0.08463260458376792
FR029488,0.003293256124523409
FR024835,0.00911110144771561
FR028258,0.03490901523058935
FR020903,0.01685255411974265
FR028219,0.009613652915240136
FR031367,0.02472601846200335
FR021504,0.005999119984423158
FR022771,0.009565467844081474
FR027134,0.04464409773625232
FR027484,0.024643981627725915
FR031169,0.004342834114774385
FR028701,0.012846104926036599
FR025462,0.002644868021396737
FR022370,0.009212020300300952
FR023400,0.002016822945077343
FR031347,0.007402906330832865
FR026532,0.0033290936699877393
FR020585,0.04113485922770865
FR025229,0.038423050623600144
FR024487,0.006469539102199946
FR027689,0.12971691507804878
FR022072,0.03810855023290689
FR020150,0.01621486923048887
FR031377,0.0027118104943446935
FR024497,0.009392999401189917
FR030260,0.009042942436598646
FR026914,0.005789955366851081
FR024926,0.005946320857672157
FR031319,0.0077309967362557686
FR020260,0.003144796881969959
FR027360,0.012356589009318996
FR027756,0.009342369989841453
FR030892,0.006583975242333606
FR022502,0.01231930451883
FR021693,0.004039819811858626
FR025296,0.0027985350137047
FR026899,0.013944997794976325
FR027046,0.00357799879876507
FR027551,0.0032640190879847943
FR020413,0.006506012415108081
FR024821,0.023389403547803375
FR027386,0.015827154979092636
FR030146,0.010668737317313222
FR025891,0.017544851081161612
FR026185,0.0002619888525132528
FR020477,0.002928725348948657
FR023475,0.005576940987282469
FR028663,0.004108557948908274
FR028484,0.00514954841068204
FR029359,0.007092114421744716
FR023943,0.0075959425957969505
FR023568,0.005056086388642325
FR030111,0.004359276507461512
FR024884,0.0026340726898044526
FR024181,0.0034395381375768646
FR025743,0.005640452549756096
FR022486,0.01323325772576141
FR021392,0.007832122158768556
FR031301,0.008421250917135307
FR026675,0.009046817150439547
FR025263,0.007938546027468312
FR029842,0.005858273537709964
FR020727,0.03553007749422162
FR022640,0.03655962488151012
FR027806,0.008398572335162807
FR026674,0.0035130149362622856
FR022188,0.0023634998933097463
FR027702,0.004359943280711506
FR023173,0.016192802443534708
FR030895,0.006246614693734541
FR029591,0.026817716921589105
FR030135,0.0027969331648632447
FR027447,0.016472243626774123
FR020229,0.013883462023312882
FR024627,0.00041604210081844315
FR031690,0.0062775758054797355
FR031100,0.006915615093628829
FR021850,0.005640869789093395
FR029955,0.0005926977957121228
FR021210,0.011634790371144028
FR023991,0.0068300044178218255
FR020660,0.015448632150585095
FR029743,0.007785258317646979
FR023767,0.009078794757229629
FR030165,0.16087861813236287
FR024958,0.007088479583999928
FR028397,0.0017888787827782457
FR023881,0.06646467973205948
FR026394,0.006950244936041156
FR023152,0.016299333336357056
FR029267,0.02710771667046433
FR021663,0.00996299145830975
FR030617,0.02165735585594288
FR028699,0.00585731533886795
FR027828,0.3850985365393909
FR023013,0.033162673071591674
FR022097,0.04706580236931657
FR020023,0.008360502595470862
FR024331,0.011461146381779322
FR030143,0.008583471732585807
FR026677,0.04083532973812766
FR030791,0.009223374096285411
FR023213,0.01890115235545983
FR028550,0.002809983484437467
FR022988,0.004796575055946866
FR024186,0.009370462229232934
FR026477,0.010091427887908814
FR020473,0.006062309851922734
FR027097,0.0053402922579984125
FR020204,0.006391053506511246
FR023367,0.030323015497945083
FR027350,0.006705846913656043
FR031980,0.0238707261347223
FR021610,0.03165052023050508
FR028165,0.020592000067609136
FR028373,0.0018606091766464256
FR026572,0.02387556789783531
FR029993,0.01645919314251103
FR026396,0.017053516503481483
FR024381,0.03588296430103957
FR022412,0.00847570337205144
FR025344,0.003810010706022931
FR025333,0.00995408207853603
FR029890,0.010472221597798733
FR026145,0.04517957493444105
FR029402,0.005969181682699943
FR020726,0.005843240418231057
FR024300,0.004439128312593498
FR020956,0.011856796541530457
FR024285,0.01755990094886973
FR030692,0.005770015632995555
FR028275,0.004093273897756513
FR031070,0.009227298630649703
FR025294,0.010995229539263065
FR021462,0.008839196469154976
FR030982,0.011824436770760942
FR030187,0.05317577978205463
FR027678,0.0037925286633552825
FR021942,0.002922278594075732
FR028082,0.005674983550003699
FR021998,0.010594405725814543
FR031840,0.005225905773122797
FR025009,0.007274501563668324
FR026046,0.03282422990151927
FR031460,0.028907121831361307
FR021716,0.0004268207044900925
FR027344,0.00788122342480848
FR027435,0.0025914490556904492
FR025936,0.015300878167453878
FR030610,0.012383437463369947
FR022692,0.006639792330519117
FR020142,0.0026568184062641487
FR029107,0.020497697586802116
FR029468,0.006007670043120943
FR028015,0.01208823985570633
FR021820,0.027882581306398143
FR023335,0.008567258869749584
FR023253,0.007239340142487786
FR021511,0.010004735880251856
FR027831,0.008958207127951036
FR029574,0.011639949779913115
FR021786,0.002707529307023463
FR030406,0.018046855899852037
FR021541,0.006413486371601601
FR029727,0.032735259691617453
FR023709,0.02132101128119248
FR021140,0.12488524880660792
FR031832,0.08448970304121456
FR026365,0.008705725977644688
FR021396,0.00845276072063235
FR022142,0.004673647020291988
FR021282,0.006159332976873456
FR031053,0.004712043163743444
FR031540,0.016471236774682478
FR023945,0.008214908596263023
FR028257,0.006846666473921406
FR029307,0.09160576967059848
FR025166,0.005618022301045494
FR024568,0.009631974096098563
FR023089,0.004614797974613704
FR027295,0.02578682299141773
FR021662,0.0005944568297440969
FR020775,0.01217433018319319
FR020866,0.0031273350821608963
FR024939,0.058963396784002635
FR028600,0.003255490279263292
FR027095,0.004117785825903075
FR031147,0.005204630245906133
FR029942,0.02248638445230038
FR024618,0.002939161414856336
FR027304,0.012130790688172141
FR027670,0.016350751349939827
FR023975,0.02199421940293389
FR028657,0.028151017437843047
FR028859,0.006951462833966087
FR025947,0.0027931946466987485
FR022794,0.008857724777900491
FR020096,0.010944039762729793
FR022376,0.0053028050192007545
FR021122,0.018741246603447104
FR021607,0.02182583531207554
FR022267,0.02746599974888184
FR022938,0.0046787889849543565
FR031396,0.005848687146267427
FR025613,0.07588396657068952
FR029182,0.0010284047243054736
FR021970,0.0027254635042399927
FR026503,0.016805066647966226
FR023601,0.006636328197360412
FR028269,0.01728563369069282
FR026965,0.009699855522937248
FR031020,0.007011928469531685
FR026868,0.0092121909019862
FR031509,0.12992178880786917
FR020185,0.003263954714017545
FR030110,0.01787610758043799
FR023738,0.012524948365054028
FR023668,0.0035620566202248034
FR023079,0.016309353303734637
FR022347,0.006853692341924447
FR023883,0.015765680640048647
FR021089,0.0038617138688413826
FR022892,0.010070085497604409
FR029116,0.021718308917152068
FR025542,0.011790749932216066
FR029785,0.05919715161740798
FR025529,0.011256701910894692
FR031569,0.004875755199544074
FR031950,0.006612123366113192
FR030474,0.005425859224101454
FR026732,0.008253997564573248
FR031294,0.005266721386892592
FR023241,0.011824817229293799
FR023785,0.009422691002388893
FR031007,0.00025042157278022637
FR030644,0.00452354797854987
FR027895,0.010861005338803562
FR027338,0.005187227498129076
FR030709,0.0053178380825012845
FR021012,0.02840630716429905
FR020876,0.013262857747384919
FR030524,0.005920868889030317
FR027306,0.00393595903641506
FR030065,0.005952310187228661
FR025869,0.050879181205360884
FR029016,0.008448110848463097
FR024707,0.008103912259223573
FR027576,0.00660428697902154
FR027152,0.005429617359583795
FR023836,0.007252389848026952
FR027080,0.00670125907780075
FR022679,0.0028062059059803315
FR027943,0.054313601178495964
FR031943,0.0051037574588783455
FR021856,0.0004511408200027819
FR028011,0.005584836203983048
FR031779,0.018372643419202344
FR022828,0.003236424235799519
FR021523,0.010437683998132637
FR031473,0.03275962000296521
FR023964,0.007917978227934249
FR026624,0.005364456003852821
FR020348,0.004797027704665217
FR025705,0.005284391778465963
FR030706,0.0072445758082650075
FR024962,0.014379001385112623
FR029700,0.007032146412925406
FR022683,0.021411688393523576
FR027395,0.003150113013231208
FR024510,0.0035902659300680938
FR028808,0.006012789326146821
FR030778,0.011858248847680667
FR030717,0.005865773680312585
FR028384,0.02332702783131755
FR024784,0.007322204054562518
FR029386,0.020541250693818056
FR024309,0.004463999083121868
FR031826,0.020144248473160938
FR025046,0.006366987200905567
FR023855,0.005784639260428348
FR027893,0.005844416894265056
FR024258,0.023970968615620935
FR025487,0.00828055248694615
FR024706,0.006967512522339137
FR026739,0.0341108225803875
FR021362,0.015365199317963573
FR022316,0.003820465561854281
FR025961,0.035277015195066506
FR031260,0.0058533648662371365
FR021847,0.00496068795517857
FR024573,0.0022366956177625645
FR029038,0.0057753139917495365
FR025742,0.009713367768651348
FR022148,0.03379235245123278
FR027512,0.0068964992519984355
FR022002,0.028432802781515297
FR022574,0.0035667823802554535
FR026033,0.018396508424234997
FR031960,0.017533953234373036
FR031550,0.00801119643625765
FR029839,0.027667010953435562
FR027665,0.004576221224903569
FR022811,0.0015474741890671101
FR023289,0.06281384139976165
FR026535,0.005888551478478923
FR030275,0.010817026296023777
FR025930,0.003057673550544008
FR027394,0.018316525845232117
FR026334,0.0033777218344782866
FR026635,0.005724461536464465
FR021399,0.0272801230782453
FR026709,0.005306457922351127
FR027744,0.0036071135287086566
FR020419,0.004446297446046219
FR024081,0.0023258231504409226
FR031844,0.026739709744352285
FR025350,0.017224517142480265
FR026880,0.006771662609780604
FR021771,0.0008464694062604205
FR029097,0.005975374486909162
FR020543,0.01047242652365482
FR026375,0.026159746007647918
FR028099,0.003790570412753767
FR025621,0.010064510943855307
FR021112,0.009367006504669931
FR024220,0.31516603026895496
FR027632,0.2852317810166898
FR030979,0.011896916432035783
FR025182,0.011782364186261942
FR029545,0.0003112175669376934
FR025573,0.027779105621622245
FR030751,0.012790229127276995
FR026696,0.005658696328725967
FR024092,0.01282187304110126
FR028075,0.005135871909211711
FR025744,0.007949010617276132
FR020625,0.00391695807983351
FR031691,0.0036743516009682493
FR024585,0.015771806824773357
FR024817,0.09410866187740655
FR030219,0.011229233214179648
FR022429,0.005414113915844231
FR028391,0.025427258533089876
FR021105,0.00024041283138047484
FR024093,0.017072603723472295
FR026458,0.0032216313483478913
FR029729,0.012902905284648644
FR025696,0.07953862758871133
FR021629,0.010376725673935636
FR025400,0.009466157932559116
FR031916,0.0013179371322022682
FR026099,0.011910080055035981
FR028189,0.005192287959256517
FR024881,0.006291527050679689
FR031217,0.008113422238149048
FR027068,0.001883268450435319
FR024870,0.006912232894240852
FR024361,0.0554672514358339
FR027069,0.004380706266296294
FR029302,0.003767500414226301
FR022496,0.13783656791422846
FR031556,0.02099381112814726
FR024681,0.004293919472331843
FR021475,4.565301532365232e-05
FR022116,0.005128578827553517
FR029986,0.012000952495755503
FR026179,0.006037521563808683
FR031743,0.013478004508575106
FR022599,0.008978826283740192
FR030598,0.006730752388547744
FR021743,0.001355356025292603
FR023571,0.006107896558882427
FR022451,0.006161690452976772
FR020093,0.0005838475119576633
FR029624,0.027179412338312423
FR023110,0.014700567899038659
FR031269,0.011288764611800586
FR028644,0.008020533657739293
FR024517,0.016014462255732824
FR026613,0.005194294477175614
FR022190,0.01746105500190325
FR021328,0.6737846466583156
FR026413,0.01602278280405363
FR021668,0.007155280682449606
FR023612,0.006620083248377192
FR028612,1.9556049607299284e-05
FR030660,0.003749785209876154
FR020462,0.01410049460674788
FR031000,0.06275406138921974
FR020802,0.012130821152990386
FR020196,0.015909080949990124
FR031194,0.004626953809200556
FR029809,0.22381329363932229
FR024242,0.005867620222031685
FR023386,0.01724731348455359
FR021073,0.014692475413980312
FR023570,0.010496051439731351
FR022953,0.003069718545593425
FR021530,0.0059321761063332755
FR024351,0.011468284213911951
FR025283,0.010006567580679596
FR030762,0.007117505914886895
FR021624,0.013188272406063201
FR020365,0.004467668159031561
FR020955,0.008632410156958455
FR029752,0.009537704382092805
FR028359,0.004868924758409263
FR027496,0.05431611816658475
FR021608,0.028238987401522947
FR028014,0.005043753258986327
FR023393,0.00019540409073111776
FR023641,0.006228976435658175
FR028667,0.023722045535975435
FR021382,0.08207163434592227
FR023686,0.0061219935613299895
FR024362,0.045913438076045525
FR024874,0.0037862768369988187
FR027852,0.014437958869888178
FR030500,0.01376621678236279
FR020771,0.0050900447089752806
FR031745,0.012926382973267215
FR027247,0.010292778687748439
FR024194,0.016976246002991136
FR022851,0.0011782183626178856
FR029457,0.0340091622171765
FR028324,0.020682621694645974
FR021537,0.016272424465941224
FR027824,0.018993835597228295
FR029620,0.0216259692778423
FR024188,0.03306094846038646
FR029691,0.050949442091282965
FR020130,0.01698818468718346
FR020255,0.005875606036278801
FR023988,0.3122071823929031
FR028131,0.006082481251135622
FR021139,0.0011525526863256953
FR022042,0.03905197242137799
FR022427,0.0011496077792771864
FR026736,0.005819859147455417
FR028764,0.006130128946843453
FR022045,0.006839287666654366
FR025290,0.0004991987600821937
FR030869,0.012753087525248872
FR025864,0.007793632130431392
FR024987,0.018985594344720063
FR025458,0.0002141590725378009
FR030271,0.058354438464242736
FR022925,0.03187752257704977
FR022430,0.019031488805086472
FR029895,0.012542121589909349
FR025498,0.006224772091563818
FR023588,0.018890377472474858
FR029908,0.12990626693703045
FR024244,0.005309776166549339
FR022638,0.02523362175134378
FR026250,0.004188204583006155
FR030224,0.005058777406328495
FR027974,0.012882356846238258
FR025278,0.007488980630996204
FR021664,0.03721807715936419
FR023387,0.001797325313138708
FR026903,0.0038182761498246347
FR027690,0.02323869541903876
FR031427,0.006236036617644604
FR020490,0.008085735055393393
FR028314,0.053642036418197196
FR024653,0.0023871309843616173
FR029383,0.005114603854489949
FR026043,0.019135817709835225
FR026587,0.008823319197070967
FR026269,0.005386802963775516
FR028992,0.024807153049323367
FR022421,0.0029174832062404785
FR025507,0.006661265068273651
FR026741,0.0047276382698821775
FR025724,0.003891301545520661
FR020577,0.01175790201159153
FR030313,0.014218697766848446
FR024231,0.021103189544930293
FR030166,0.006913654711650195
FR023520,0.00327451577844514
FR026469,0.010212822851252665
FR028497,0.0092120532277228
FR031186,0.007652921249560024
FR030301,0.009133756013938735
FR020253,0.00964270878369906
FR030897,0.021398451145029727
FR025894,0.0026527739574208915
FR021014,0.024294768674430645
FR022600,0.00013875888647793595
FR027954,0.008082174377744465
FR031746,0.005149091870932193
FR020580,0.002204286944446354
FR030286,0.004096536359838718
FR026128,0.005427371929219055
FR024367,0.0016292928925371554
FR021646,0.009610721366117334
FR030745,0.05039852451623006
FR020383,0.010072228219359382
FR022688,0.00021298037571917456
FR021741,0.011772535458059218
FR029419,0.008426605957028715
FR027957,0.008466831141277654
FR025594,0.005148038282321177
FR029962,0.026384133938244046
FR025698,0.009832026419196605
FR025446,0.1139056682042381
FR027088,0.00999051864228311
FR025752,0.005350439361251194
FR025020,0.00616639273831083
FR027196,0.005940093313628225
FR028990,0.019348584064291394
FR025288,0.0460588913173151
FR026673,0.005876714283007339
FR031671,0.026329135737514574
FR025299,0.009537384126197118
FR030789,0.007487026381912548
FR021366,0.013306549083258018
FR031211,0.02902179324557283
FR030256,0.0033907338052927396
FR023355,0.030662602039787372
FR023106,0.0033292615982017035
FR023753,0.007326672675275784
FR024414,0.0035801533677663087
FR029774,0.002297288887080415
FR020097,0.01772201276360504
FR030585,0.007349139626706879
FR020206,0.005341728158735748
FR028511,0.010606579929021687
FR026958,0.023376678253522017
FR023804,0.011700792503668364
FR022264,0.002337357296443479
FR024834,0.009133947356216554
FR024921,0.002524009437738215
FR020931,0.02153191763083357
FR022106,0.018849477050362832
FR021705,0.005417684221458041
FR022182,0.017396385429490777
FR021380,0.004328524335436579
FR024930,0.0002585254867426943
FR022378,0.005818594166700271
FR022256,0.08357614296324814
FR027092,0.0025139864500128423
FR026615,0.03123807105429098
FR025380,0.005768804241870727
FR022351,0.013389121911115017
FR031614,0.011363177116996024
FR029434,0.0037892055919030165
FR021468,0.02667417176726353
FR022532,0.014518041652555104
FR021622,0.009481136135123447
FR021410,0.0502380065366618
FR027043,0.014612968995598856
FR020847,0.0018195157454380748
FR020449,0.00956425291612408
FR028252,0.006705983132109932
FR024643,0.004329949531801039
FR025543,0.6085181721027249
FR028733,0.0029099023369896747
FR031050,0.08268120406996558
FR023689,0.004794607243533266
FR020718,0.011943381831607616
FR022731,0.005080552752575533
FR027216,0.006262302624485825
FR026549,0.0007283332161556996
FR023819,0.0025110479442763387
FR020294,0.0052639006581747805
FR027030,0.033171835661446436
FR030683,0.02113007411626104
FR021483,0.011831447698523243
FR023039,0.017156105930042662
FR023176,0.0014937698498384661
FR028425,0.009836447453942326
FR022875,0.011466043228252116
FR027504,0.00664790844965847
FR021748,0.003282819251543752
FR025125,0.00018859284091346615
FR027894,0.00838282891578561
FR028740,0.01339591021644068
FR025313,0.011863981514296395
FR023496,0.07575300844003342
FR029683,0.04692309291385989
FR027799,0.006706664627090426
FR026271,0.00725302430274777
FR025176,0.004959170953081407
FR030541,0.004067837727666262
FR021891,0.017000421789473055
FR026919,0.007964126486734108
FR028250,0.050850787756037644
FR027760,0.0069001860842721205
FR026625,0.004196422965306481
FR031812,0.03699112772173901
FR023509,0.0032743672147174984
FR024546,0.018277883741694295
FR024571,0.011211791769069451
FR028948,0.010319185434883287
FR026622,0.062323862726354276
FR022332,0.008265710546923367
FR023319,0.00033627990546998673
FR025777,0.004106617241260845
FR030945,0.015885950215754296
FR027656,0.0035206642296665607
FR027568,0.006528027983321602
FR027758,0.023426143592491303
FR024620,0.004455539257162872
FR026322,0.01169995910576283
FR023015,0.01117310491189319
FR020697,0.009929955902134085
FR025700,0.007880729030653764
FR020669,0.005213617465005757
FR031082,0.025418600114935776
FR030837,0.03352215816801314
FR030360,0.0013636423558166253
FR023454,0.7857196434047027
FR022026,0.025060326013627114
FR029637,0.008492252522007583
FR025828,0.0026837058828098003
FR030177,0.01093160277855583
FR027584,0.03232070153669287
FR027465,0.0031928361150701705
FR027627,0.010576982478395303
FR029980,0.008324521831867396
FR026902,0.0061023752254333406
FR028385,0.004741211562644602
FR021793,0.13042625751720796
FR024623,0.052885275298893454
FR022982,0.01618354121529108
FR021102,0.0028069608791149695
FR023602,0.005458979486352019
FR023382,0.027369086834074116
FR022827,0.004559187346027039
FR023160,0.004352883464608299
FR023050,0.061284061217776846
FR026252,0.004420622461118329
FR022381,0.005410506913803919
FR029258,0.0072399585848850236
FR026397,0.012794193707128955
FR026534,0.008864409075927959
FR029337,0.03162074776039495
FR031323,0.015090837567493923
FR027941,0.003833995791869904
FR029357,0.022337158981894756
FR020135,0.018830857036571273
FR028387,0.003939126037918556
FR021853,0.013794984401819345
FR021516,0.008591360822259773
FR021739,0.008964469280276026
FR023974,0.8248187393216656
FR029098,0.02590379924111162
FR025637,0.004964969051346955
FR020287,0.005471089088601803
FR028851,0.0654555614569198
FR020230,0.016002530245982242
FR027441,0.005113850468818724
FR028274,0.014186247791249761
FR026484,9.288654942421207e-06
FR021283,0.003972687695031613
FR031441,0.007916408554769038
FR020846,0.009527393875186137
FR020391,0.008465578662953891
FR023584,0.01010108988372437
FR031897,0.003094230605519397
FR025115,0.005978925329214005
FR026619,0.0058270351814403145
FR026240,0.007044293490798363
FR026197,0.019189379224978455
FR029851,0.03537995614207908
FR026781,0.008475544733706767
FR020148,0.0023397923284557602
FR026653,0.009960114645216817
FR020345,0.00828948896502191
FR021159,0.002619385410491384
FR022055,0.00625582762408294
FR031332,0.02024949436339488
FR025408,0.022431827214164445
FR030782,0.00041289070786814513
FR028332,0.016640021572063613
FR022960,0.02044889390677588
FR029697,0.00491472218206748
FR021257,0.01128586748972618
FR031846,0.006488421725664466
FR023137,0.0068469050584927
FR027390,0.0033111452609751848
FR030657,0.011209080244050096
FR027212,0.006793702057384748
FR020175,0.01096419370795271
FR028784,0.008368815035702925
FR029915,0.019633851190152936
FR029981,0.00879339116570188
FR029892,0.011391299669578548
FR022005,0.009680518098262755
FR022406,0.0033763084593543685
FR030786,0.02901808701544098
FR023899,0.012914555081478882
FR020975,0.032338101863722296
FR031087,0.0063849287922321555
FR027561,0.0446356782302021
FR030139,0.007579042106615511
FR028235,0.008193058277932342
FR025651,0.004187663293272614
FR027768,0.6397257395725671
FR021740,0.002213303303555399
FR020642,0.05800243335794105
FR020529,0.008617300602677888
FR028952,0.003164107381580338
FR025345,0.02081477710640696
FR022138,0.013901841446769052
FR029045,0.018011080897541856
FR027201,0.030702683985578755
FR031668,0.005224077992752445
FR020240,0.08969982365076216
FR025465,0.008884102748383678
FR031870,0.005836421165895386
FR028970,0.003545181581221317
FR031240,0.003212923796588785
FR024657,0.017646573162872103
FR023219,0.007854123855661041
FR023025,0.010815148480745718
FR021141,0.010195873481737623
FR022047,0.0011110233838769487
FR020875,0.00538473548131719
FR030824,0.0037363655543962535
FR020182,0.3024923009003002
FR024642,0.005024276912159046
FR023646,0.017365153236446863
FR029903,0.03989050100782443
FR021096,0.007758900581924822
FR028814,0.05630377555516467
FR028130,0.0015814033303628424
FR024700,0.01675926890617534
FR022888,0.05427441703260654
FR027699,0.0040845206164030765
FR028594,0.02570537353228721
FR025383,0.25289975667319503
FR027626,0.005605661563091491
FR030319,0.008042854806432189
FR024763,0.01495307240985329
FR021535,0.008510998347735315
FR028921,0.011480710270327184
FR025486,0.00214660898523487
FR028867,0.026567168975132293
FR027798,0.001675823481426733
FR031667,2.617857816426843e-05
FR028829,0.023238991256488373
FR023687,0.0021288560658381675
FR029736,0.004711448810072119
FR029934,0.02902744327887579
FR031503,0.0010781842294581051
FR031692,0.007988867784095466
FR029858,0.06099292324973944
FR027791,0.0070270392307832455
FR028156,0.008871434589031819
FR022259,0.013270667457124533
FR026106,0.0048115704478126995
FR029512,0.007307609317934471
FR021148,0.009224274242097288
FR028186,0.004516130025969551
FR027351,0.007050182812664333
FR024252,0.013740525445669763
FR023384,0.02909808722101593
FR022120,0.024308210436718453
FR025151,0.010690883643247714
FR022698,0.020233872111505923
FR023659,0.007440119914307661
FR025169,0.00014931001577944168
FR031721,0.023969697199870518
FR020321,0.010831497459810312
FR028806,0.0036900719954960455
FR026809,0.002557217603044022
FR031601,0.012719149820041187
FR021583,0.003894500982027928
FR024516,0.009056706494207742
FR021476,0.00474479373886798
FR029479,0.03543509702661746
FR024363,0.02759674355459489
FR022000,0.026620573355551815
FR031727,0.06658440472204853
FR028352,0.02653691066072548
FR024017,0.0066892594002599835
FR022023,0.005680283272377019
FR021709,0.01912364443696604
FR026720,0.02378261969822624
FR029309,0.00438214062381262
FR021438,0.0123551751403551
FR031327,0.007880321081345279
FR029364,0.0032590872471406056
FR021320,0.02928301839963302
FR025029,0.004995736003566815
FR024639,0.0016507639929761895
FR027347,0.06900038867032855
FR028557,0.010474026042262823
FR028410,0.010826128499711183
FR024696,0.006799913417430147
FR027271,0.02062733892704039
FR021400,0.010520168330747409
FR023462,0.010994329695246045
FR023867,0.0036970792380645557
FR022086,0.014918571323252382
FR026646,0.003530668889136006
FR023325,0.017265974043487245
FR023909,0.014442444577096357
FR026586,0.006785865225555662
FR031566,0.02007773886574875
FR029091,0.008020334944628525
FR026603,0.006054643103391428
FR026519,0.032132518478932094
FR020197,0.011699383031083293
FR026385,0.009836904211455744
FR025369,0.004170706705228608
FR029873,0.013127608250650118
FR028047,0.019266618798661303
FR020361,0.0016999287997807304
FR020636,0.016004847124978516
FR027101,0.003209436967342273
FR025091,0.005875306226500688
FR023905,0.0038037107733546838
FR027498,0.014569269577879528
FR020033,0.026914501617510897
FR022323,0.009404531747687957
FR029009,0.009601686587089335
FR020593,0.002873670715304562
FR026911,0.003854989842687598
FR029677,0.009872862451239063
FR024500,0.008012183830504026
FR020958,0.006625000167989349
FR024863,0.0024825187715767872
FR027258,0.09359993506818418
FR025040,0.0013901287560415577
FR024864,0.0026310160696256897
FR027063,0.04002936544668843
FR024268,0.007188930057247963
FR020154,0.006319119408775017
FR022825,0.08355246846640724
FR023179,0.01792437505668838
FR031342,0.0059948111535948695
FR024871,0.03198187622632967
FR022633,0.008651517401922434
FR020868,0.027416140232705236
FR024614,0.06690366100396504
FR029006,0.8196475886606969
FR023473,0.0028138722335250524
FR022650,0.019914018238411088
FR029442,0.012700746358003133
FR020836,0.06290456711771142
FR021736,0.007051362339281661
FR025422,0.005236947140852444
FR020864,0.037936659862015644
FR020472,0.012292232530036645
FR026015,0.018513716309491158
FR026812,0.05582361509616994
FR022377,0.024813423915248076
FR020016,0.00949376107342042
FR025233,0.004785460090901468
FR022656,0.022127925470152562
FR024617,0.02325593884993374
FR021851,0.07866278743787161
FR020180,0.0016534776803196064
FR020739,0.008700044031504584
FR028812,0.00593713207342634
FR020488,0.015992689431575113
FR021388,0.006630147611319209
FR024415,0.0032594427211495016
FR020032,0.004798752094006759
FR026996,0.04770541076800305
FR022179,0.002302380112555252
FR021415,0.005455102133724981
FR021534,0.05859116130969575
FR025304,0.005878383568697333
FR020189,0.0018113498667177263
FR026084,0.052333743667432854
FR022099,0.05017907164968684
FR028846,0.011782040568181388
FR031500,0.009832408687584478
FR024108,0.00248939157651787
FR023148,0.01232529049554872
FR027071,0.006926054322479562
FR031768,0.010647307154220855
FR020079,0.017659888966277803
FR024027,0.0030599583576157285
FR023889,0.014300900637873879
FR024124,0.010828652998530124
FR028718,0.0070062594122822655
FR021025,0.007360443551558287
FR021053,0.007252402018155461
FR027726,0.011771944390466882
FR026806,0.00011296260471630326
FR025049,0.018722780079343925
FR021723,0.008555454432020689
FR027113,0.006157439028961673
FR023597,0.018879970094638186
FR025014,0.0020239513970311085
FR028450,0.0047083582353010765
FR027203,0.02456557455329897
FR025208,0.004967647015193632
FR022283,0.005604810663523955
FR022074,0.019745747382768294
FR022405,0.013401105611570978
FR027709,0.012217295832765306
FR020102,0.014801288606631914
FR026531,0.028896146533682325
FR027014,0.011186047342444038
FR023990,0.01137946274937626
FR023714,0.022385935743702987
FR027948,0.007343545125602031
FR021098,0.018883242425807176
FR020693,0.003096702824965666
FR028012,0.021541148807263006
FR021484,0.010026812408117033
FR025056,0.011901197061419837
FR020769,0.005242551467269629
FR022105,0.003192216870271966
FR023780,0.01144407297175781
FR020406,0.01685872322882172
FR024754,0.0009292238557161109
FR030002,0.004173775333434888
FR026590,0.11178499902422898
FR023935,0.02001132266679782
FR023193,0.012864767180455912
FR022905,0.003718078883051916
FR030498,0.01565418532744074
FR020910,0.004026957244119771
FR026606,0.0056220323252102345
FR030347,0.015477937313433882
FR024039,0.00889059095205442
FR024218,0.0036601755746355847
FR023735,0.010282247919582745
FR022736,0.004006594363214952
FR026369,0.021267342896733397
FR020270,0.04046807326311561
FR020337,0.008744377251303252
FR028944,0.012162888515823334
FR027230,0.026487435592502412
FR030376,0.039171259311242115
FR030469,0.5359056848409853
FR030578,0.009989440550623545
FR020902,0.10780591792720516
FR022998,0.38158551433796506
FR029229,0.14843177706629418
FR030405,0.0005325568428034674
FR023243,0.0074453402582719845
FR031039,0.010429147496937302
FR023311,0.0164394594700808
FR026763,0.007625968282220202
FR022686,0.013360781684938127
FR023660,0.007650554309412187
FR026640,0.003949706621992222
FR031521,0.013411933484201322
FR026830,0.007755840131542402
FR029914,0.005544253988197674
FR031990,0.003716799354385101
FR024393,0.004866186129684138
FR022044,0.020124215808016096
FR023083,0.006268218762638061
FR026465,0.0026645451798871897
FR029257,0.0024826834981320042
FR021660,0.008420857435430761
FR025938,0.022692593061422312
FR022165,0.008253891708172466
FR022556,0.0057651460447246655
FR020897,0.014368934119277824
FR031420,0.05250824526877329
FR028448,0.009464966728048647
FR024483,0.004105772654054942
FR023088,0.05747895650804371
FR027475,0.007938762311486018
FR022641,0.0014284439778607032
FR021545,0.008566288176453139
FR027497,0.0003206810483216372
FR022217,0.007701446627858894
FR029405,0.008318539656349586
FR029144,0.005691447354813028
FR031290,0.008906012076961782
FR021818,0.005054675014751848
FR022685,0.00021861394861588535
FR028236,0.01628861431530782
FR023276,0.030428885119234944
FR023998,0.006881026534210769
FR028043,0.01072521004179671
FR022699,0.008824977620553117
FR029303,0.0019303382862461468
FR027119,0.005032965210661766
FR024896,0.006774267296250702
FR025775,0.015735291178439994
FR022206,0.011164858972174377
FR025447,0.004302283708570716
FR028700,0.037012528307863786
FR025643,0.0072696976876229676
FR023046,0.0070015682463765725
FR031056,0.004549715816188428
FR031386,0.01466019692988758
FR026840,0.00818192770954192
FR026665,0.015313276569056277
FR025794,0.00020486762829655675
FR024042,0.008783423261328267
FR030004,0.02643139809689213
FR022450,0.007182099866992489
FR022632,0.0007510318725530512
FR025302,0.00033226741249411885
FR030554,0.0038585048451550328
FR026990,0.00610109129704987
FR021220,0.0026505353607117295
FR030021,0.008440935919708894
FR022146,0.009814295186734484
FR031776,0.014195723343900348
FR024400,0.008366264186922887
FR030752,0.07122512240496676
FR027209,0.449782027826011
FR026173,0.09983594001357184
FR022396,0.011043077605892076
FR020565,0.011901587475397333
FR025659,0.010098824004610369
FR026183,0.0032789800761677383
FR025838,0.002770569248455597
FR026181,0.013912206158779089
FR024472,0.012326246106992851
FR031842,0.006967250472319191
FR029430,0.011475633911208233
FR024105,0.003450040912402585
FR024142,0.035214718311665116
FR026955,0.01709250305367645
FR026475,0.006042554899545046
FR020474,0.0020487706733967517
FR031148,0.004758974583972885
FR023218,0.015202143628600543
FR028430,0.0008137146428139788
FR020263,0.003339290456624711
FR021764,0.02878689675068355
FR030558,0.013230998196116877
FR020364,0.009998387617339066
FR025747,0.022399381860161383
FR031961,0.01178108977020467
FR027755,0.005019573446806247
FR024203,0.007795508878338717
FR027624,0.021474572446434467
FR022801,0.03266738814003688
FR020704,0.034059688594125226
FR029856,0.006720577884763851
FR029791,0.011938059086379718
FR023263,0.005772801981735842
FR026140,0.025720971937124425
FR028489,0.010697348301174097
FR027173,0.014562274232261124
FR029811,0.036092264352151814
FR022890,0.006482581858830576
FR023558,0.0031936859113135575
FR025611,0.007996649808624547
FR030913,0.008944807512037434
FR023038,0.00014147237355102905
FR030853,0.0023571165747886835
FR030818,0.005883390782524977
FR023008,0.009169600246094964
FR028283,0.010645225177966372
FR024436,0.061958165524487345
FR020003,0.016633809313728744
FR031102,0.0036555250692877324
FR026040,0.003791983618011757
FR028563,0.02258717421311926
FR031659,0.002179392405544504
FR031218,0.029635420228999145
FR029431,0.010207327988028685
FR021830,0.028149391252585833
FR021843,0.005603002696758417
FR025261,0.004518596498705751
FR030324,0.0036995399784213686
FR020964,0.04147715737867682
FR030459,0.0016689258167834607
FR025252,0.016167784474842444
FR030886,0.005528921116453651
FR031555,0.02872794871361322
FR021810,0.014345963187228247
FR026608,0.003694057082442538
FR023893,0.023741193110237015
FR030589,0.0025916541538171783
FR028244,0.01015707439220448
FR027245,0.0070524937116626845
FR023259,0.007024684440097263
FR020151,0.019534765003079817
FR028978,0.7096464664396144
FR024125,0.051983172353377016
FR026088,0.008991917181070392
FR029539,0.025746403189903153
FR025076,0.005607882204136703
FR028705,0.00011847326913069878
FR023761,0.007118795937829319
FR022561,0.5372964031361898
FR020133,0.01414999896853362
FR027213,0.0017768537383943933
FR023861,0.005421149158332151
FR022902,0.019536210756413864
FR027612,0.0015336711190535948
FR029639,0.011468764812807697
FR024683,0.002595713976277602
FR027207,0.017159984703308602
FR024748,0.0013175707202226464
FR020885,0.0032383817460292365
FR020578,0.006486044766536648
FR027486,0.019449775544842365
FR020806,0.016925418900131002
FR029864,0.007597237668720097
FR023951,0.004375730938775378
FR027987,0.007080608050940628
FR023960,0.0027286808006657228
FR031741,0.005123338495298407
FR026614,0.007447418529063975
FR026092,0.008649344327515353
FR022034,0.009533012362311548
FR021901,0.00290928935434227
FR025850,0.00870022301876781
FR030952,0.01515471717327397
FR023084,0.006051661156117241
FR022546,0.0037724299439422025
FR031854,0.0048631317592959826
FR023746,0.0075773062128269425
FR027992,0.002953999560882032
FR020764,0.005921453874082503
FR026027,0.023594751849821387
FR021594,0.038038384200258187
FR020588,0.023168221710765657
FR030736,0.028644462939605306
FR021824,0.005543484155453048
FR029094,0.0015812977022095706
FR024734,0.022885019272490436
FR021737,0.0037612274609814976
FR022810,0.005422924259241236
FR029164,0.005188105820644552
FR031366,0.03711345727738448
FR027829,0.034866860809425526
FR028303,0.014098731106833476
FR022458,0.017901332842220095
FR023019,0.005902811631068422
FR031972,0.002791646775972574
FR021937,0.07886714955080265
FR020963,0.012876559212897808
FR031816,0.004510738677611065
FR020947,0.008564432451767258
FR028949,0.009524531910030267
FR022725,0.014482522861405068
FR031683,0.023414879666614066
FR026940,0.02878714886240639
FR027833,0.005211615810309208
FR025585,0.013104323275895783
FR024243,0.00039510387604883737
FR022324,0.008283112840134653
FR020930,0.006846934091873919
FR024662,0.5949314886533644
FR030663,0.005168877257334443
FR022309,0.0043753236189328325
FR028840,0.04583198616509208
FR020031,0.00024680762459166727
FR030456,0.054336696776168564
FR023835,0.006584351396815529
FR030113,0.007127432028926619
FR028541,0.02065225108249835
FR023963,0.00688981188152608
FR024717,0.0072964710916964505
FR027602,0.01719871005254828
FR027735,0.0025208789880406
FR025015,0.005132986280661481
FR020375,0.0049636413397094355
FR023635,0.4221520699922151
FR026032,0.010981213508408439
FR025200,0.004067066443622169
FR031663,0.07908663484029806
FR028706,0.01243278563468194
FR030359,0.005749532415093237
FR031895,0.0034309332631064318
FR028637,0.040884289096341606
FR029315,0.005242601543540456
FR025086,0.0005281345810412871
FR028002,0.003895559380369026
FR021982,0.007483326951213238
FR029062,0.5699452601864065
FR027728,0.004047014867540043
FR022201,0.0023500106678678487
FR029899,0.012129208648047462
FR030686,0.00509673883312611
FR025732,0.028659742267700544
FR023997,0.0022893665394104518
FR031653,0.031905304696620854
FR025729,0.028528923456728555
FR027136,0.004249276278323339
FR029859,0.011249421615484924
FR023697,0.007417766382218697
FR025515,0.0006654749348201659
FR030123,0.006165183875253436
FR021290,0.00433684783384427
FR025890,0.005382982194836298
FR023053,0.037840927102538224
FR020446,0.003012703519115974
FR027013,0.019521206198565372
FR027903,0.02448108420290523
FR028253,0.009213155396943595
FR023554,0.019133344288400293
FR023744,6.297376657057622e-05
FR025303,0.006359230409998501
FR028518,0.002819132826777473
FR027490,0.0004071340487145378
FR020385,0.005988530052446012
FR020982,0.0071225821717003195
FR029133,0.628966720317808
FR027795,0.005978013363511632
FR021091,0.004573139817567091
FR021765,0.013273628084222182
FR027509,0.029650438336646857
FR027980,0.03513066501004216
FR027801,0.003114115130593269
FR031289,0.012913341665322303
FR026311,0.02333083735716647
FR025768,0.00991442625589893
FR031881,0.00935178441021046
FR028854,0.07054770762793874
FR028145,0.004451719770743641
FR029846,0.3314606695441461
FR027431,0.00765005115105683
FR029463,0.4210560160150704
FR021186,0.004455057636008114
FR024526,0.009863773068957256
FR030823,0.006952963980015147
FR031058,0.0004459802372873592
FR026303,0.0020247738599303558
FR030423,0.010567370888271687
FR022113,0.00928318811724705
FR031486,0.007059289117491529
FR024824,0.008606646823740486
FR022461,0.004748766232343513
FR020249,0.00343613205985686
FR025155,0.007573088623366686
FR031077,0.006838398199899243
FR022466,0.008374772147066379
FR020491,0.07978141293032734
FR029247,0.010151863982213388
FR030798,0.011497640537401212
FR020199,0.004035713516077943
FR020640,0.026433091143186965
FR024322,0.010461693589213117
FR025424,0.014889384913992528
FR026176,0.007832197365013241
FR029936,0.015532774389820857
FR031098,6.682480147057138e-05
FR021774,0.004157688934614308
FR022167,0.0037748513733569487
FR030562,0.10110141206865549
FR030597,0.06715972029854005
FR027052,0.021521568120666256
FR028549,0.006331589265038975
FR030076,0.00379953565815281
FR023204,0.010548543888868328
FR020414,0.004466743693671801
FR027480,0.012244593189115954
FR024279,0.013550136425098206
FR022238,0.04761600250318584
FR026726,0.015351930136110572
FR024336,0.009726980560896291
FR030355,0.00404375495387747
FR026258,0.004375734586425536
FR029682,0.005313832672718344
FR027915,0.006753852995384612
FR020146,0.019587316783859
FR030007,0.21078899611716134
FR028516,0.01374018532463337
FR024190,0.003459164227235515
FR031624,0.003640909783865201
FR021018,0.18151899027680057
FR030184,0.005400707751584241
FR027368,0.012704010612892705
FR027448,0.027572759177194473
FR024625,0.007634814103920092
FR029432,0.006401311300338752
FR020320,0.012795413978691817
FR023563,0.0039563609731774335
FR023742,0.003634405203293472
FR025041,0.0015956590686543857
FR031215,0.005795372543141125
FR027570,0.02196926678887295
FR024133,0.001737043089253678
FR021294,0.004745466240325842
FR022530,0.0044391713512035
FR023830,0.012958888411305946
FR028499,0.0011519161030060935
FR022970,0.013913967754326942
FR024409,0.0062780898459092955
FR030226,0.005824022666208606
FR031288,0.0046550735535376775
FR024827,0.05432951690850724
FR025512,0.008529583053127421
FR020126,0.00712875370165292
FR029596,0.018699663354868237
FR021255,0.006397078632353678
FR030116,0.01495909043396471
FR021176,0.004204300310773514
FR023049,0.010542683479762942
FR027693,0.014230430359665838
FR020610,0.1051476874772986
FR030262,0.007582797537195671
FR027009,0.0034184342614523534
FR029168,0.004629235730096189
FR027235,0.006159451669675645
FR021227,0.0031676496340396205
FR026774,0.008936112021504069
FR030737,0.006238149088238347
FR029090,0.009543199180223982
FR031544,0.003911566963074645
FR028920,0.011134757586138555
FR023695,0.03930886992900097
FR027091,0.0056833318802342655
FR020826,0.00965469557015642
FR027823,0.018373066078897826
FR031694,0.007504701773589533
FR026953,0.002951055566596449
FR031777,0.006060969555161241
FR031388,0.010750811268431195
FR030948,0.02080205096159147
FR026370,0.02135281596191438
FR021389,0.03102991511993203
FR027818,0.01721171662157091
FR025024,0.004602340985857473
FR031119,0.0067764377385109925
FR026335,0.01274823219915023
FR027257,0.004976281560826134
FR023430,0.002564538915327571
FR023147,0.01959969481614528
FR027467,0.008682196188582979
FR024550,0.008227887852736222
FR026488,0.004530642111287763
FR030507,0.03619775996616833
FR020773,0.00481331039572002
FR028558,0.0013895593326650622
FR030000,0.014144202084328325
FR029153,0.00895848951093984
FR026498,0.009509025523231579
FR031541,0.012911873445186134
FR031298,0.001555582757439771
FR024992,0.025790551048108484
FR030861,0.0373068617516676
FR024687,0.041787977040948845
FR020835,0.0045576091283119815
FR027117,0.006706226835398822
FR020075,0.014571538590945426
FR024364,0.002976668101700928
FR020134,0.012326079518915033
FR025876,0.11314893627848836
FR020247,0.00588881018144447
FR022648,0.006247879566067965
FR020467,0.010749105573888315
FR022653,0.005626681813988233
FR023055,0.008232735629148776
FR025511,0.015086118131804238
FR025203,0.06097166738657337
FR021243,0.007876140819328987
FR021260,0.0060194440074291655
FR028494,0.025539175603019246
FR026944,0.024274739931111233
FR026017,0.03180319429124935
FR029886,0.013972263150138045
FR023911,0.013498165832982413
FR024325,0.005501976373065584
FR029300,0.016051105942865334
FR026779,0.0027040125699068574
FR026938,0.013151222013299813
FR023470,0.02448026178171507
FR028844,0.03577151838400991
FR028307,0.042816775003136326
FR027902,0.0047992954619074215
FR022534,0.0023028109618369094
FR029343,0.00023332169886914022
FR029010,0.0078626239497435
FR029921,0.012147419055653832
FR022291,0.002538925208779623
FR023140,0.04292363375200423
FR022266,0.012987082243664294
FR022765,0.0057819661912107976
FR022103,0.004764651157072484
FR020183,0.03739595174816922
FR024114,0.004473141128664926
FR026297,0.014450143459971641
FR026255,0.024209405809631938
FR020736,0.018176247298917772
FR026275,0.008021674548689961
FR021561,0.00650048699203631
FR025309,0.011295320371323426
FR031450,0.006465891850978335
FR026703,0.005509013768708496
FR020539,0.006715716404789806
FR021742,0.008612419558549163
FR027976,0.004689970666557932
FR031761,0.0286677420368736
FR022006,0.022845302436158496
FR031617,0.012774361877464056
FR021500,0.008387360650671154
FR028869,0.013279760525253198
FR021913,0.03802428396807163
FR022476,0.0025667979247704737
FR030658,0.006484466699707205
FR029761,0.0033306131233392625
FR027783,0.004322655544885296
FR031325,0.02096045296542949
FR021289,0.006058149990147008
FR022224,0.2149053274585974
FR030769,0.015404381405105397
FR024223,0.01030970690390872
FR023074,0.009898732689935973
FR025142,0.0069958108134067385
FR027892,0.0030449063532113204
FR024562,0.003228695570253156
FR030858,0.00356840171228191
FR029607,0.00095285441893933
FR028306,0.004424102245192016
FR029831,0.007899451477423028
FR021238,0.007123157392146296
FR031837,0.010395037770251319
FR020691,0.008757984578558293
FR021513,0.020346061169941098
FR022021,0.011484542592214332
FR020140,0.0048454808439033145
FR023169,0.005453872088880901
FR028316,0.005465275301447009
FR030593,0.04587231187903919
FR029374,0.4187639340151148
FR025939,0.010664690203387077
FR029273,0.0027254474623404313
FR030263,0.04430092766800904
FR027249,0.013316217372820138
FR029883,0.007804243603194108
FR020136,0.010411001375509828
FR024931,0.0024372496094476736
FR020164,0.007261171165003328
FR025962,0.0072287899939347715
FR031370,0.004250171636841429
FR020828,0.0007431342477534589
FR029887,0.025336008740447703
FR024826,0.006264410221798176
FR028204,0.01373346064249377
FR020444,0.006894024792228
FR025050,0.010996492703340717
FR027736,0.006495707460142815
FR024246,0.002896889511141838
FR020439,0.0035923302282571466
FR026227,0.07233488779104057
FR021986,0.02169744875986545
FR026985,0.028116745755686318
FR021869,0.0067778158094931595
FR029380,0.037170038605933625
FR031603,0.0023382460820888
FR026838,0.04111902988729001
FR020983,0.00875198085133396
FR027885,0.03315112271491325
FR030732,0.00890835611895921
FR027463,0.0058232854360630954
FR026386,0.01240729052431342
FR030375,0.004376929148169166
FR031391,0.14097665743196813
FR027377,0.008043858617397225
FR029706,0.024850532090527015
FR026831,8.851787831584744e-05
FR029314,0.03879261014661585
FR021242,0.0003194007919279351
FR023661,0.011351246967649697
FR027373,0.02535454733098644
FR024603,0.17610778733028457
FR021331,0.012822060093958974
FR024119,0.003204558317230621
FR027767,0.009589656310308529
FR028024,0.00861118497507564
FR022375,0.01915257375461273
FR021887,0.0026780315700732325
FR029140,0.006363388867742482
FR023485,0.00024672713833528216
FR021630,0.05277289898018878
FR031256,0.009459191869664487
FR021024,0.018931377306691248
FR021404,0.006067447256019582
FR026354,0.018693443689944425
FR023540,0.02718734270106709
FR026445,0.005268679355468219
FR029656,0.008500911164206735
FR029771,0.03387194386091741
FR028683,0.0028397982223327097
FR026107,0.007459185521096872
FR021779,0.00766353072307488
FR029181,0.007866559182887874
FR027453,0.0041201400517608
FR027002,0.03848531985323502
FR026927,0.006259432159213785
FR020673,0.0095196426826539
FR022145,0.07498227465911449
FR022818,0.0069673596582811755
FR024727,0.0032268949902784696
FR028833,0.012845269616660564
FR020859,0.02909392773283702
FR029346,0.01082018550332723
FR023497,0.003836642198112035
FR020104,0.005508300184927425
FR031604,0.02610930658498503
FR031625,0.032551437010820125
FR028151,0.025032498992236422
FR024677,0.026435938603448138
FR029059,0.015772969777483017
FR027967,0.006859630465438741
FR023677,0.03374140438154927
FR024317,0.007268256030315483
FR031142,0.006204426933331692
FR028446,0.011248071031491487
FR022110,0.03102203816033142
FR028953,0.005649582051069646
FR025967,0.034863248728122576
FR025441,0.005461926930099882
FR025351,0.012744716126751234
FR027658,0.05610841888099666
FR020416,0.01587979688963385
FR023286,0.006424696213921872
FR025832,0.009947282231382595
FR027830,0.006277488380913893
FR024011,0.007382995374807911
FR021347,0.004713203867141169
FR026374,0.19931473960485033
FR023930,0.5592069333920925
FR030378,0.0506006194768555
FR030494,0.011685195435654702
FR028286,0.10885439212458145
FR031885,0.006331364878583681
FR022158,0.011753121681683422
FR023941,0.03206680842748699
FR021752,0.004863414842892262
FR028467,0.00861963010321116
FR029197,0.003458196587204873
FR025004,0.018040023637778915
FR026695,0.01574968753905829
FR026986,0.03736807458846594
FR026698,0.00565151792492408
FR029284,0.07875450018353597
FR029427,0.01355013992345432
FR026352,0.0034673398280983384
FR025080,0.018258646001150913
FR028839,0.014462961507690544
FR031830,0.009585873352391352
FR022195,0.0021528641591922687
FR030024,0.00719519273256578
FR025575,0.016128146921885026
FR026249,0.4642066265368737
FR027518,0.007364424785162162
FR022606,0.005344914268107459
FR023135,0.008988517330188689
FR031390,0.00559012034842351
FR021225,0.1113418350045433
FR029124,0.006921139992371884
FR022783,0.013646567764275358
FR025361,0.77480506027107
FR023825,0.0006472365242593876
FR022661,0.015376197093438864
FR026822,0.014002192556675135
FR027610,0.0031885337049161475
FR025851,0.006684402013328146
FR028199,0.00403360566741436
FR031866,0.0030812804161281576
FR026400,0.010481086713528525
FR027839,0.025140063205563203
FR025857,0.010383115210043412
FR025138,0.004598243203159308
FR029293,0.005877063004059108
FR025879,0.09169775476761093
FR022414,0.004593398071949421
FR029444,0.014997784679214891
FR031258,0.0060841008733903985
FR027978,0.008459692883609465
FR030079,0.015879314122084723
FR020514,0.023716769125704307
FR029053,0.017808145500693616
FR025554,0.004313228953221904
FR031562,0.0046019634848909535
FR021780,0.013583919090335557
FR024289,0.006672561863035754
FR028879,0.020887391775900994
FR024581,0.012445422519631521
FR021409,0.0049813733023035675
FR029035,0.007137376080011382
FR022909,0.0036163282522991354
FR030806,0.009375750796518792
FR025809,0.004651546586646582
FR024333,0.003709111133675879
FR023711,0.02495419115283871
FR029814,0.004828519088299876
FR025150,0.4211169114402434
FR023636,0.00248375747811796
FR022244,0.01582029215864229
FR021333,0.013177443203855197
FR025109,0.015390589618803824
FR020696,0.04125597780841218
FR024934,0.02304650395592084
FR024138,0.0001414704139850661
FR023469,0.0043026874304161805
FR020840,0.005668683329415278
FR020017,0.0028893850793212292
FR021086,0.006510092666579774
FR028023,0.0026029430197217493
FR030687,0.02948874703925356
FR031488,0.009445636882903619
FR031636,0.00013424396710997162
FR030601,0.0025239669207408034
FR027426,0.008141577049062822
FR027039,0.006651471189958469
FR026667,0.005321849622826846
FR021234,0.023500923737138593
FR029271,0.005947317489311042
FR029558,0.012927979458546974
FR029592,0.00010284982553885894
FR025630,0.004268660630753932
FR022335,0.000548381511056111
FR025537,0.013240346652728911
FR021146,0.03986793833912355
FR025619,0.012908912098194952
FR022950,0.0240423450272972
FR020387,0.01553571100964709
FR026923,0.009735512553405918
FR023171,8.422186454494925e-05
FR028028,0.012771288287875477
FR024592,0.11835520130670762
FR031780,0.021715395904814687
FR025877,0.006625323573078802
FR028496,0.004123833834269399
FR020121,0.003312483652370563
FR026668,0.005034390367212609
FR031362,0.016924840006205793
FR027319,0.011443666823965666
FR029055,0.008575696301914449
FR027190,0.01372877490726702
FR030342,0.009295234340652247
FR030701,0.0031673346211800726
FR022479,0.028147113731129627
FR023275,0.007460501876590064
FR023392,0.010265197359239892
FR028127,0.036201344733395174
FR022667,0.019027709390816275
FR031418,0.00582389472038497
FR024337,0.0061646709083428
FR024756,0.010415052013672018
FR027789,0.013038806351308675
FR023369,0.005537875734169553
FR031241,0.004431467079796113
FR030413,0.021050239866515146
FR026011,0.010224768078335387
FR026829,0.01334374214788519
FR024255,0.016492642789314386
FR030909,0.00806906779139493
FR028091,0.011701620823095726
FR025482,0.0064419576529556825
FR027459,0.019183434762310825
FR020034,0.0077433223203888955
FR022310,0.00360481933438113
FR022017,0.00028614122689494956
FR031966,0.007382686241795514
FR023326,0.0035830194466997573
FR027796,0.008043215937073857
FR026559,0.004595485774054927
FR020415,0.02002595429401539
FR031267,0.0036062840121555717
FR023365,0.005532612404480556
FR031535,0.004333317724728723
FR025135,0.014187070127690299
FR027750,0.004047505177020955
FR020278,0.005460684481842535
FR027599,0.008263421356006773
FR030167,0.00906962151981543
FR021868,0.026102554301196273
FR023010,0.006900551884731592
FR025238,0.015435299741325464
FR027089,0.006882982944949231
FR026803,0.00765349397667732
FR021034,0.005390017316208312
FR026992,0.008226845021655889
FR027384,0.045711784886078174
FR028585,0.007871487567646636
FR023102,0.006704338511018496
FR025800,0.004335817463130642
FR020048,0.013894173111031022
FR026093,0.005815534121963301
FR030556,0.005086971952212417
FR028473,0.007614423353313006
FR020347,0.027253638100570386
FR027404,0.003657332168485727
FR024942,0.010629297790427199
FR022971,0.08387430856683727
FR020612,0.015296833044308795
FR026593,0.4536751391907526
FR025276,0.024234984983656695
FR030311,0.009001366610684767
FR025533,0.000531547192561319
FR031947,0.018118870685741858
FR024641,0.013102533047446768
FR030994,0.050276690547572764
FR030964,0.005221368695854639
FR030481,0.3453834906267358
FR020212,0.0027333223543137873
FR031531,0.008528759613486082
FR021789,0.005999568595042938
FR025900,0.018430200964337153
FR029756,0.002210072347078625
FR021441,0.005622939256740105
FR029246,0.010802303924161427
FR023504,0.005068332686117756
FR024649,0.016023149946352646
FR025581,0.019436818472620118
FR029556,0.027580099190982716
FR028421,0.00458774703554681
FR028564,0.0749353491193368
FR022849,0.022206516296549135
FR021228,0.006531472008769336
FR020481,0.004683820914270252
FR021138,0.006524329336244648
FR024166,0.03951150747579053
FR026301,0.005481913245835743
FR027794,0.0047298477755854055
FR020055,0.014776103705698729
FR028399,0.03108503073865977
FR024563,0.0045379883081121284
FR020874,0.007614001416544742
FR027307,0.015228705345297678
FR026694,0.04727280254767934
FR025255,0.02713055688171637
FR023301,0.007713454438183521
FR020026,0.007987364724862767
FR023187,0.014767195118735416
FR022452,0.015437245169641638
FR021023,0.006526749292383843
FR027256,0.009363928463286082
FR020019,0.1031538220201244
FR030193,0.004315683565331136
FR030720,0.005397641164505907
FR023419,0.005877684174749646
FR026067,0.03573940248527893
FR029411,0.00730235472358124
FR027532,0.010968186586512683
FR028348,0.006407639158121904
FR031011,0.026207720625689435
FR023207,0.00563906228650009
FR022037,0.008126092704274931
FR030118,0.05612732727925174
FR027171,0.008257275091036291
FR030518,0.003042275964086212
FR022390,0.06461585758279402
FR029071,0.005346494304708433
FR025985,0.007800469394323463
FR021590,0.0054498073060869024
FR023499,0.011402885077857618
FR031665,0.002631434336423795
FR028610,0.00014746626374112466
FR029958,0.008293987061903294
FR025727,0.01396932651894842
FR029102,0.011767888261357884
FR023395,0.003555299131132015
FR027681,0.008051190082457214
FR030052,0.006384295710174924
FR022792,0.00815421569016906
FR029206,0.0030509998116573316
FR030530,0.006986437064601738
FR022781,0.0059533966831169195
FR030273,0.002656127279063099
FR020533,0.011713018142850369
FR026984,0.015270848998214825
FR024594,0.025389625576092145
FR030867,0.0031374436612844362
FR025801,0.017334930280774687
FR027137,0.005693095101387843
FR028231,0.00718905364824859
FR026206,0.007692300062959202
FR030483,0.007214848704977153
FR022958,0.004587788391602644
FR029701,0.014403513890040458
FR027706,0.002415252928122463
FR024327,0.011106733293504116
FR023003,0.007517623483794562
FR023466,0.002719766883133005
FR020356,0.019441536073889966
FR020924,0.002250440222782409
FR020379,0.005508777433744826
FR029220,0.017601332976265795
FR030542,0.007190023371810256
FR021447,0.017854270476511003
FR025145,0.0168960307601059
FR028960,0.00344289249521158
FR022694,0.00013877677763921597
FR031968,0.00799251865462251
FR021768,0.0030294664338328435
FR031404,0.007729325627733617
FR029759,0.027375220407502045
FR027594,0.012530393752392108
FR020996,0.005416867680540619
FR030666,0.008599769732364827
FR022760,0.005470960151185702
FR020825,0.01149983783072
FR031300,0.0024581877960760516
FR028873,0.004462259324650343
FR030477,0.0034200730291554515
FR021241,0.007584647182698124
FR030071,0.006514022111894432
FR026605,0.006282527013071648
FR020757,0.009511403068496477
FR023272,0.02812343198661924
FR031632,0.006186458267760782
FR029459,0.003471271047133381
FR028698,0.007130962999164628
FR027450,0.006392962526190468
FR022441,0.12259609885270169
FR028482,0.020542403688223937
FR031543,0.03214061944372403
FR021821,0.04734759791284258
FR029860,0.0022248597802702725
FR024335,0.020390012566964846
FR021783,0.0031383138688830248
FR021273,0.006527195635067658
FR027215,0.0045327269318496
FR025126,0.002825898361761329
FR029793,0.010395017056137497
FR023690,0.009508307695087316
FR022268,0.011100164998400799
FR029952,0.0210261487377176
FR023826,0.012553310806522262
FR028111,0.01002027449874325
FR027493,0.010091706358423718
FR028813,0.021519938493838996
FR030296,0.013180144921926002
FR030266,0.006817487065127603
FR020115,0.0023019614855858362
FR030389,0.012468326340788862
FR020342,0.008150950732838466
FR026816,0.005697637389137586
FR021280,0.019418240487695318
FR030437,0.004360872792627132
FR022753,0.00020677381077781147
FR031648,0.01160054541120971
FR021248,0.006274693853521425
FR026636,0.005216822839724339
FR021459,0.004221539157216492
FR025969,0.0048238435253924895
FR028056,0.0643088956024189
FR022177,0.004092754656368582
FR028369,0.0060140548944413565
FR029741,0.003724676670744854
FR027378,0.029953034219318043
FR021570,0.010870114124976921
FR021735,0.006361234737732752
FR024463,0.0004933824731345556
FR020973,0.00835624685864532
FR024423,0.009308554182798969
FR022835,0.0069102415804370085
FR031030,0.0049710885478777694
FR022773,0.010909387791702356
FR030412,0.00445334813218871
FR025468,0.00704192155979458
FR027988,0.009861198018600519
FR022920,0.008619985105221523
FR027753,0.015265047389324977
FR022964,0.005929204729031445
FR023069,0.007318394858416807
FR031072,0.009026012678485363
FR031720,0.005742699826144334
FR021113,0.0023806526749399113
FR025254,0.0057810272579677845
FR020129,0.01859683308380668
FR021903,0.00820641122793094
FR029352,0.002048354007232707
FR023412,0.0065874175501522145
FR025435,0.006793873087192379
FR022169,0.04680083938024143
FR023342,0.003326346251231946
FR029807,0.006846634129848783
FR021312,0.029422314707486186
FR020670,0.009134597212645784
FR026762,0.002660509455812266
FR029726,0.03093708070732653
FR023901,0.0035003031478265363
FR031813,0.0031588283691685714
FR027268,0.026363647724472288
FR022700,0.013326096723104856
FR029528,0.006406097930403908
FR024605,0.006185512996248336
FR024429,0.010949856118200318
FR021061,0.017233656799120332
FR020936,0.1929370099722657
FR026339,0.02518683455838322
FR024559,0.006370660165215897
FR026715,0.5776937152924753
FR027220,0.000805327425011039
FR027537,0.003400899899086852
FR022969,0.0027229670811244814
FR026007,0.002091572027470693
FR028894,0.00397841076640526
FR020078,0.003712675986358653
FR030942,0.012946469265181367
FR024012,0.012715420775937429
FR025906,0.003018860929460404
FR028759,0.005247472347060916
FR024875,0.0042420285460980835
FR030670,0.012834232361804596
FR025954,0.010510918820237589
FR028998,0.022585121040557894
FR021661,0.032821034778598525
FR028486,0.011115291763738842
FR027985,0.004490181059408853
FR025584,0.00555894054179833
FR021391,0.005734578611667617
FR020507,0.005877591819672494
FR030690,0.007884421665659485
FR024628,0.004128653164053588
FR025708,0.004684883154382223
FR021310,0.012158383186621676
FR026381,0.003077684737852534
FR022281,0.010422814920977611
FR022815,0.005629702354571276
FR031167,0.010890296465234666
FR022587,0.002639603225499327
FR022986,0.009623607945752273
FR026450,0.006190727980146901
FR021838,0.006298166835313107
FR023426,0.005958251764505044
FR027317,0.008137852686013719
FR021641,0.022121570042588662
FR021101,0.0031367048192507668
FR031993,0.03804045384691915
FR026943,0.0001334476053094348
FR020652,0.0037481124565424714
FR025048,0.006968285827639517
FR020605,0.04383625558895623
FR025221,0.022347653193669367
FR027477,0.022995030030183147
FR026508,0.049912473807967365
FR031559,0.0027169130932177786
FR021555,0.0064142886617032276
FR028589,0.005699934341212076
FR026072,0.002008189418749183
FR023064,0.006358095291118586
FR026360,0.01825229994823659
FR021369,0.004997922954848767
FR023839,0.007089612969362203
FR030367,0.0051209189051159305
FR031623,0.022841767614806243
FR023778,0.014332126185245238
FR021302,0.01417478337335531
FR023822,0.019748870750735104
FR021352,0.005660687249986003
FR030544,0.006061957962178244
FR025911,0.015562078203765217
FR031628,0.004285373300265067
FR020111,0.03777763521498046
FR020297,0.007958143303179068
FR020581,0.017897118727905805
FR021295,0.0022413259946916257
FR026814,0.005964820799511653
FR027743,0.0027841460017449986
FR025887,0.020458162344234337
FR023131,0.012871940927881194
FR026881,0.00894350466831505
FR024607,0.00880966063458337
FR031945,0.006268871380567835
FR027515,0.009500393442565515
FR020012,0.015403634946087737
FR027288,0.00981447454535846
FR031408,0.00517471263387521
FR024818,0.004482959728337432
FR025253,0.00021329641939138292
FR026387,0.0036643165079907024
FR031607,0.002973987778868342
FR022968,0.0023494357714598695
FR029114,0.006667728860547594
FR026641,0.007132459076003444
FR020203,0.006011189136057261
FR025428,0.0862145089311938
FR025549,0.034789653586652994
FR026644,0.022392329256904025
FR026371,0.0095671079659354
FR029818,0.00663825968550382
FR028216,0.11882963155393621
FR026031,0.021741037425056398
FR028527,0.040024394681239694
FR020001,0.02271111055298645
FR027605,0.021376484015729672
FR025471,0.010182067280101953
FR020338,0.06863321866818173
FR028500,0.0004082369705166958
FR031879,0.009151208431780323
FR027385,0.010545467943379926
FR028144,0.008323130538159456
FR030953,0.01779660308451129
FR025604,0.00682885788449682
FR027814,0.0035074165597758127
FR022391,0.007290687229577668
FR024481,0.003834104767810719
FR030348,0.0012470799836701296
FR026423,0.003309653607324164
FR025082,0.004799881494609697
FR022426,0.010259743598863976
FR029176,0.014366471124972177
FR023745,0.005658609325777752
FR029932,0.010274588696202512
FR030936,0.010764111689395024
FR031930,0.008973602579219631
FR025180,0.07277720428916482
FR026877,0.00034091508078727163
FR023569,0.008940171278692764
FR025654,0.003915920703361381
FR027437,0.0029143634291286962
FR031338,0.004116455782567425
FR020336,0.09052680639469421
FR023067,0.007688507884574499
FR023970,0.006775166683395887
FR029881,0.004114929218334201
FR029453,0.009332144560353467
FR025810,0.03398029489703359
FR028362,0.006240040841562459
FR029659,0.007406208149680441
FR023616,0.000499351859174597
FR031868,0.004588167553170478
FR028823,0.03704183658566566
FR026052,0.002470693670528893
FR026426,0.0002992118007661495
FR023248,0.007136956112119774
FR024503,0.0033236228450259754
FR021329,0.004458896124662367
FR026419,0.0451616720651639
FR031214,0.004339759316949717
FR026554,0.005934397958408869
FR021486,0.004205694353885289
FR030401,0.00240376997803607
FR024635,0.00610488303131954
FR022639,0.006475859892736177
FR024865,0.005164176749049855
FR024024,0.006069783857619126
FR030528,0.0012304810442223173
FR025459,0.007057288776477518
FR026789,0.003943419949645524
FR030808,0.018750973854499264
FR022494,0.008299427694313351
FR025764,0.003313795564616925
FR023374,0.0060600812945084325
FR022484,0.012112575407464701
FR028771,0.01013879282864372
FR029461,0.00318280471414431
FR022697,0.005943166348664711
FR030965,0.006054778794833804
FR024023,0.007085807215364917
FR026683,0.005051520193091067
FR030161,0.017972364009516666
FR024213,0.022387593506234007
FR030788,0.008483757761510311
FR024894,0.005867639492657709
FR029652,0.006930834350506287
FR027145,0.005239165431885953
FR027574,0.005653521530376974
FR024724,0.007159830893840127
FR030344,0.017915752621125047
FR024355,0.005451792918342937
FR022284,0.01558416580008799
FR025814,0.008629670777891448
FR026846,0.004640130332033422
FR020637,0.04095671193502944
FR021075,0.016234940339614184
FR024624,0.001915363364580906
FR026143,0.009544197786765036
FR021411,0.003647999217258442
FR031457,0.008203190853830063
FR029686,0.0033626815600971264
FR022511,0.005457332191133162
FR022573,0.014360058622782538
FR020770,0.036032151993546035
FR030829,0.01683231961021632
FR026783,0.00849346501882304
FR027018,0.007107824173447624
FR030850,0.0038495792866535304
FR030628,0.013404167389581615
FR028061,0.011512176383728886
FR020677,0.004634750165015869
FR029884,0.017413636950634657
FR026560,0.005962983897472637
FR023595,0.009752599887344152
FR030735,0.7975637353824991
FR026138,0.012356735169583834
FR029654,0.005752119329423634
FR022322,0.007591589116970271
FR024947,0.009998168214304805
FR025918,0.004723109232736993
FR026580,0.029391173286738636
FR028707,0.013046696668835431
FR029969,0.05175109442513172
FR029894,0.0024510269654591083
FR028835,0.00530341563674402
FR025011,0.009713753660433226
FR022830,0.009953095619427256
FR025355,0.12252403903215527
FR029130,0.008157266436749336
FR023851,0.00935641750376251
FR025475,0.0077619472236253
FR026319,0.00730179549579538
FR026898,0.0029833667055812908
FR025664,0.005143581117592039
FR021697,0.008109201784007758
FR030995,0.009674836055424381
FR025717,0.003612293796108113
FR030415,0.004837653778414664
FR020177,0.003986359405392728
FR022802,0.010622423647534173
FR020732,0.27722975186805476
FR025658,0.0030682215937187216
FR028305,0.030734207865879857
FR030957,0.0022771957695369004
FR023973,0.06563435011097397
FR023081,0.003116361209641846
FR029127,0.011229073009527718
FR022340,0.005180375644179185
FR022485,0.008402950364809397
FR028573,0.020582288682759468
FR028102,0.0067840293325445765
FR021068,0.005383901817294682
FR022153,0.012630127471268241
FR031501,0.0041312353844585314
FR028330,0.19728013591412044
FR021285,0.0058729093755802665
FR026749,0.005518021098614002
FR027121,0.00996443744865489
FR031977,0.01619102808344363
FR031751,0.03427176099505569
FR031773,0.04069375808027557
FR026974,0.01051778827929737
FR031878,0.03725790042035346
FR027491,0.045445873638760605
FR025671,0.007664305918233022
FR025937,0.0047245800581092005
FR024775,0.04705860322119596
FR026340,0.011785761965605067
FR030028,0.005441629878537099
FR023898,0.003399853285433449
FR020377,0.00025740466331382756
FR025429,0.005069968210635067
FR022124,0.008031858153221029
FR022726,0.015765180918842818
FR030525,0.0050615212233187665
FR026753,0.003938155987244829
FR024287,0.013162440106140346
FR031349,0.0030140599064239775
FR025625,0.014437451761448436
FR021898,0.00588309196019785
FR025398,0.0084703164595988
FR028034,0.018998405987055923
FR027729,0.008891967992285867
FR031710,0.03353632670864412
FR028120,0.009595666115340955
FR022609,0.003141632673750955
FR024988,0.03264815684481093
FR021620,0.01872568605323751
FR023866,0.007818462026105394
FR021116,0.005290694703224213
FR024372,0.019713841192115035
FR023321,0.004133620564765269
FR029132,0.00999156890020699
FR026265,0.003721935449222171
FR024997,0.022483452647824288
FR026215,0.01080804882054304
FR022552,0.0063157470728306036
FR025173,0.20629430381344135
FR023831,0.0037215692143356205
FR031818,0.008642763948654783
FR021685,0.012300424244590779
FR022242,0.023316091129615704
FR022364,0.02338657334241466
FR023186,0.004598493864151118
FR023132,0.007703719578343547
FR025951,0.0019487151597561924
FR031598,0.2091700319920047
FR020144,0.0037853974283289403
FR023119,0.02103914368515896
FR025964,0.025087953160386412
FR022594,0.011740371702966285
FR028171,0.0126852076744242
FR022626,0.003112571664769367
FR030744,0.004481042906770672
FR023846,0.0038945353934109845
FR031469,0.010998121032958995
FR031476,0.008295512432356536
FR026444,0.019561738571131592
FR026734,0.0066670882337321515
FR027370,0.003621174879081595
FR022581,0.010279720414661506
FR021119,0.009033424204301189
FR029544,0.012561117453461864
FR031615,0.01784528423856381
FR020179,0.004942057654238808
FR020917,0.003655800741891536
FR024910,0.00547911096196287
FR020325,0.0025997218800198163
FR031967,0.0011453748059075605
FR020288,0.00548013088503255
FR024927,0.0034733605561041944
FR027555,0.00588038015991936
FR029089,0.019363648558134612
FR030083,0.017448000752330012
FR029950,0.007691152215599795
FR026966,0.009551738116040048
FR021914,0.004815010243280302
FR025293,0.011857206638918396
FR029268,0.012754060395160999
FR028116,0.0024539983643820365
FR027214,0.00477064225371686
FR023056,0.04993539674782314
FR022098,0.00954488923156353
FR028053,0.007545432094749868
FR030961,0.06479408465698704
FR023999,0.008348120852653651
FR025665,0.0007394349650121886
FR020007,0.007653861348034168
FR024933,0.004983730239213061
FR030404,0.0021522178870247953
FR027995,0.011844770023917981
FR026026,0.008314421939657923
FR026772,0.01011735219146291
FR028639,0.006325235575288503
FR026029,0.012900936404518554
FR020957,0.00709024650093917
FR020540,0.004121596414331831
FR030504,0.005817248599410812
FR021837,0.004850443314300121
FR029812,0.0031167422846854497
FR024398,0.00826156270475003
FR028668,0.0032294559900637363
FR023167,0.12446610252810004
FR027474,0.0009339200097836388
FR024966,0.0071591830229279394
FR020925,0.008548143519018031
FR023632,0.04911559866368061
FR029627,0.007199283198894708
FR023816,0.0034093100143407604
FR022806,0.003820612039220458
FR027012,0.003121539524707156
FR029170,0.007497669379342882
FR022647,0.004865459845155028
FR028207,0.0052275182264635315
FR030464,0.36337336487056804
FR031631,0.003753082689978159
FR025196,0.05133954823027394
FR031629,0.009830508658341992
FR026592,0.015643847765383655
FR023871,0.021390700854321095
FR031425,0.12621281568983198
FR028819,0.0002092130424157157
FR028866,0.005103252483377651
FR028247,0.02384970761946841
FR024085,0.0036218596777207496
FR022838,0.05859238974479579
FR025738,0.006013893910276275
FR026761,0.00386985723418734
FR021756,0.0038788655125968187
FR020768,0.008780601324930106
FR030826,0.003266745583906262
FR028355,0.0070013802140241645
FR023852,0.0734679436143424
FR030756,0.00865077504992492
FR025312,0.009824288122745316
FR024719,0.003201943581561339
FR024847,0.0685671303053068
FR029288,0.01979046651290966
FR029398,0.005290938695386931
FR026711,0.006206483170996061
FR028959,0.0048375264509282504
FR031596,0.0061315040001628
FR028817,0.01727788239056515
FR021577,0.006610386153160383
FR022858,0.011569117372896417
FR029715,0.01848671165328584
FR020886,0.003385256673001846
FR023341,0.003593965904377593
FR031956,0.014520206580390792
FR029378,0.004648783899203663
FR026950,0.01805726927885319
FR026804,0.012262389508524723
FR028329,0.00823329100938041
FR024411,0.0029547688264206003
FR030986,0.005865003613051706
FR024193,0.06673126134894994
FR026591,0.004201131795200105
FR026037,0.004609803055864837
FR024565,0.009496646551274298
FR022218,0.0046450066639923395
FR031116,0.005700437155946814
FR024353,0.008604352218630928
FR022604,0.005084337681315943
FR020285,0.02771682947863304
FR029121,0.017608689494471568
FR023665,0.004070026299192168
FR020453,0.06315827905067761
FR022459,0.03622830051378289
FR020526,0.004425952542816184
FR023404,0.007855922609612114
FR028445,0.03277117676062551
FR030974,0.023924439534849868
FR020787,0.005414594772606738
FR031375,0.06965370140444074
FR025952,0.002941365214907477
FR025054,0.05768916099112086
FR021323,0.04133310654712102
FR029629,0.03650402490442344
FR031354,0.008926006420384654
FR023682,0.006447881498599735
FR023611,0.011172808272801737
FR024919,0.04919775435748468
FR025769,0.040079827148726814
FR023114,0.018296723970572852
FR024095,0.006943116360649971
FR022209,0.004186477765519871
FR024670,0.00595184800721804
FR026480,0.010663604743420103
FR025987,0.04136140600488776
FR020591,0.00827791652651574
FR020271,0.6394906370060682
FR024149,0.08310995768502558
FR029840,0.005785133724252245
FR031334,0.005765764703292048
FR029496,0.040544633285864363
FR022499,0.0017668454047911357
FR028945,0.003646881520352951
FR026021,0.014634498361128073
FR022682,0.009449397485277707
FR030672,0.0062543659048153
FR023525,0.1250897872171225
FR028304,0.005939378062970024
FR021172,0.005468680635840661
FR021639,0.003937045544262053
FR028928,0.029696678361585724
FR027339,0.019293919475509045
FR029896,0.41165303253667834
FR022571,0.004757304551014607
FR028650,0.007736882032392844
FR025860,0.023715400785828344
FR023070,0.014956933048416176
FR026346,0.0004512783369476725
FR025338,0.004488109893267584
FR023996,0.004492766967305359
FR021338,0.005704001668424982
FR031865,0.19230693715654693
FR023600,0.6660992046109818
FR030341,0.010288928710143938
FR020117,0.0070288073845466495
FR031022,0.009884520147273928
FR023035,0.009996306026115964
FR022436,0.020586394942311875
FR023220,0.017256090287725484
FR020276,0.02578580387786764
FR021794,0.003338154009009647
FR024509,0.00042301972089078436
FR022777,0.04511981814259142
FR031232,0.006103443632929227
FR028986,0.026414433094473805
FR030533,0.016408054865551754
FR020300,0.005416497249557991
FR029997,0.003128980616036344
FR021021,0.00504055590554784
FR029792,0.03407760502457415
FR022711,0.006130809233701222
FR025915,0.021754847394374267
FR025582,0.022624356961278905
FR030702,0.003287898796619508
FR020921,0.003297216329967963
FR030877,0.016645154595031336
FR022303,0.008512814999947858
FR028402,0.0069427698893760005
FR022872,0.017010190500678594
FR029007,0.0036486526961045595
FR023751,0.010525884682360997
FR027855,0.01349979919197953
FR031716,0.005965621800939661
FR026692,0.01471268721039138
FR020681,0.006183757895075928
FR026631,0.005849763563681252
FR028413,0.01815093441835145
FR031802,0.008014288898517925
FR030659,0.10024467287265033
FR028760,0.000894757655499394
FR023591,0.07099072007706828
FR027588,0.020014072674087675
FR026313,0.005705114886914122
FR022134,0.012285853914161413
FR024000,0.0032338500052585756
FR028935,0.03864271866346201
FR029920,0.02606118579578032
FR023111,0.005993547828031393
FR020275,0.007894024450159113
FR020195,0.09148631069571395
FR026388,0.011213103861257834
FR030291,0.0038808342011549166
FR026464,0.000737228999046086
FR025518,0.009854423053907225
FR022173,0.007918287621372885
FR021477,0.005691948836580567
FR030513,0.3405289441515865
FR026648,0.2514254352653342
FR021342,0.0003185788522316551
FR028885,0.010141939423967794
FR023366,0.021245170310623424
FR025564,0.010235934298314165
FR027218,0.009742579828555954
FR025865,0.01613366363925001
FR030277,0.005031402070366977
FR024348,0.02044638925271182
FR031223,0.004007178245186919
FR024390,0.004941057968085776
FR027076,0.02431663356192487
FR031467,0.04263632066643808
FR022147,0.006222403744611801
FR020128,0.04530914607786047
FR022769,0.0047622000203797
FR031246,0.0049374343327224825
FR025237,0.007255219905677879
FR022043,0.004351003309780623
FR020731,0.00886018970787224
FR028455,0.03156525688018815
FR027826,0.01561495728723028
FR029341,0.010068325761118772
FR023610,0.008512478317136453
FR021822,0.007463763024557231
FR029867,0.005772645649124395
FR022075,0.007949867946718042
FR025067,0.02198508314406744
FR020894,0.008806410640712433
FR022490,0.010035323382416566
FR030009,0.08374128956595606
FR021795,0.171895842006732
FR025231,0.0057788480684816046
FR020730,0.009260842504901699
FR021921,0.00494573907692348
FR026115,0.02628213733038011
FR027178,0.0030963340107511596
FR027383,0.0046625163956470934
FR027318,0.041213846404963256
FR030261,0.0024139869028345696
FR027611,0.04630191645157158
FR022160,0.0075877960913670215
FR026125,0.007484580111079199
FR031754,0.009279509918128467
FR023260,0.00331937748961558
FR030572,0.03102300484025159
FR028480,0.003098735574248611
FR026119,0.14815287416430298
FR024953,0.003833491329146027
FR031036,0.005710719944408619
FR031456,0.021730482889262083
FR027914,0.029990652122266263
FR027255,0.005256926261516574
FR025920,0.00437540753559249
FR023156,0.014907260115661012
FR030759,0.005087426909100254
FR029069,0.1258033369016054
FR024812,0.005281091690637549
FR030144,0.01374241821856905
FR023128,0.00716378811393912
FR020815,0.007333518167148175
FR027186,0.0021005127067082654
FR023385,0.013392473307707374
FR030887,0.008203541441132106
FR020398,0.017728748056141944
FR024610,0.010422897041024896
FR023151,0.003955190114427572
FR021579,0.006460112190610528
FR030632,0.027269447687883145
FR020006,0.11270971828189474
FR026628,0.012612639833856614
FR028461,0.0073891568071744185
FR020694,0.0041088906820093305
FR022438,0.002649060137997088
FR029221,0.15740085843204105
FR020486,0.005432863135054942
FR028744,0.004226320959525315
FR027115,0.00023080195945786484
FR030190,0.0020122602333374653
FR026315,0.1891485614056312
FR021057,0.00038147803747647487
FR020014,0.012836743014011736
FR023606,0.05935158794621445
FR024802,0.01565648618173442
FR028019,0.008119984695650232
FR020834,0.02351537439397436
FR031062,0.0032679458110658464
FR030557,0.0017070064854995798
FR025379,0.013142963000569718
FR026793,0.0034265990497304053
FR025715,0.006268220899009112
FR022311,0.006757062825126464
FR026691,0.007483576029701073
FR022141,0.027537357094416442
FR026970,0.06049192072576469
FR026361,0.0029124872512215918
FR020575,0.0059554058038521355
FR030843,0.008397828208554245
FR021160,0.0009361117069707179
FR025336,0.007549412218786446
FR031774,0.0004912136413823381
FR025943,0.00292666525651429
FR020013,0.0028586000061915015
FR028232,0.0024228241647025967
FR020537,0.006275644795735246
FR021713,0.029210992638014646
FR028748,0.006921205729227159
FR025192,0.01626281399955691
FR020695,0.006158543512384063
FR023189,0.073449726696451
FR025052,0.004372557197109459
FR030142,0.010117581262274402
FR029362,0.012566146277992438
FR021884,0.006931180911927059
FR029327,0.021195240422143605
FR031766,0.004943604030355895
FR022755,0.009642940553252443
FR021930,0.026811184430864093
FR022487,0.0021140353392033323
FR025019,0.02750109105401821
FR022443,0.01646704041135254
FR027725,0.021936148920195797
FR023517,0.0058925299029312156
FR020850,0.007484439895558177
FR023691,0.021556409160977733
FR024345,0.02756210096403388
FR021883,0.01327136294103407
FR023216,0.0048102374091061545
FR028342,0.004078117145459831
FR029923,0.08066758636423177
FR022598,0.003782293482553289
FR029943,0.010671819109841994
FR023494,0.02827258461855073
FR026347,0.007159317765917997
FR025419,0.012601073071358899
FR026199,0.020729388170852577
FR024738,0.004699876112123701
FR025246,0.030000070463310463
FR029740,0.021594178057622232
FR022850,0.009344125780919895
FR021999,0.011775914119029934
FR023437,0.0094454338794233
FR027024,0.0009792205554153416
FR024743,0.2579631478860448
FR023929,0.01204886539987555
FR026630,0.021479813289494314
FR022997,0.026075499831615716
FR029685,0.005476896824191512
FR028350,0.002222706410170714
FR026243,0.0018854437080883934
FR022285,0.0058670053004815
FR020442,0.10684588641287976
FR030817,0.007247279378598257
FR022976,0.007589803324361982
FR025557,0.013105606851903774
FR020510,0.05605988634222392
FR024265,0.009436271551351245
FR031196,0.005445827216721077
FR030656,0.031483155312048344
FR022503,0.006320965256674183
FR028030,0.011589611650363896
FR023274,0.011254883635948378
FR022384,0.008618825463405548
FR031853,0.014109792498759544
FR020027,0.0046747130693973035
FR022643,0.17714051499315908
FR028072,0.038351779927651326
FR020411,0.00703674957057697
FR023811,0.008101192623697842
FR028132,0.005190922968475466
FR026611,0.009259089902662256
FR020946,0.1940889637402426
FR031261,0.030438526038192196
FR024259,0.005967673697445165
FR020357,0.007319039223753483
FR031996,0.007200241093989364
FR024533,0.007500667281429747
FR030486,0.004864277284919376
FR020746,0.0057403003111827
FR020991,0.020845094002232542
FR026042,0.0003501349735687603
FR025927,0.0035752975554889698
FR030894,0.01936084814904188
FR025558,0.014834297836923716
FR029417,0.006285099106643075
FR027466,0.0022889068291823654
FR025862,0.005985888098353023
FR030781,0.008985468177567266
FR031859,0.005304221900810719
FR031557,0.012602120493216054
FR021880,0.0028201225279807208
FR029963,0.008542809002139605
FR022720,0.021364470564859923
FR023196,0.0058979764933838365
FR020384,0.024450340252268353
FR027172,0.00925080742997158
FR027573,0.029696341805536396
FR029425,0.005252104956002326
FR022927,0.03681955734404574
FR021071,0.00570515560946778
FR022737,0.0015098277570117001
FR031424,0.10775840453790897
FR028411,0.0010600245802267426
FR028468,0.02363651703645133
FR022130,0.012020624167890752
FR024761,0.005743144515709338
FR021569,0.006257219445032451
FR028619,0.01085664223814793
FR020343,0.009197155596929008
FR020844,0.008846990503955574
FR020184,0.0050420220335178
FR024324,0.006130615347768372
FR026556,0.014131793923518375
FR023587,0.003462512109686763
FR028653,0.09754018459856023
FR030182,0.011914223034217209
FR024387,0.0220942109447396
FR021798,0.017404659593392754
FR025388,0.013620217039710438
FR029275,0.015324765414816373
FR027405,0.007241993835496333
FR030451,0.03687032752832472
FR029281,0.012750185090337318
FR021747,0.0035080034780121277
FR026009,0.0003093332177847301
FR031345,0.004708412190160354
FR027045,0.0029808918754754173
FR031847,0.0003659865285555144
FR026485,0.008121755326052211
FR024153,0.5053431688934302
FR022243,0.0029254735730527234
FR027280,0.0323845065136915
FR026873,0.003720426258768288
FR023528,0.01197732802137128
FR028796,0.010954211330484907
FR031722,0.006292293820795111
FR021271,0.008602804419128586
FR029941,0.06483877351049713
FR023912,0.010468036788043181
FR028975,0.008681218219849855
FR023242,0.003968790996896875
FR028994,0.01368960841462727
FR021839,0.00958655377227792
FR029388,0.027633312441774128
FR028769,0.010871738584519631
FR025989,0.03130741389624974
FR028687,0.05054680363362244
FR020761,0.005299735648358844
FR020327,0.021485996517051638
FR027739,0.00419921914913329
FR026261,0.006229903844583034
FR031107,0.0026358150830880066
FR029689,0.0032600583604908053
FR023442,0.007857450854858512
FR025078,0.032481974114889685
FR025660,0.00698533144576903
FR029261,0.013080522726384948
FR025668,0.004634056291701236
FR030292,0.005568480725270224
FR031045,0.006902149787672821
FR028923,0.0173783950606373
FR031052,0.00430761873755308
FR026309,0.004115460053931952
FR025844,0.025528176094505497
FR030352,0.020888806260961845
FR023624,0.005545499965562173
FR025084,0.007236738698783616
FR031839,0.005887057617778051
FR029348,0.009298102734118128
FR023239,0.0021408419220830407
FR020913,0.03742441615286955
FR030842,0.005089988082750391
FR027668,0.11805651163799268
FR026583,0.010309520674971233
FR022820,0.01340182135397923
FR029106,0.0031250671022927125
FR020057,0.03608498943363173
FR021002,0.001669518513945454
FR026166,0.00556879288326671
FR026891,0.005481672863655069
FR022354,0.004045067260079607
FR020606,0.0022401675452289487
FR030896,0.011177393183239692
FR024354,0.0058927445525923825
FR029252,0.005728807358085762
FR023087,0.03346526068885342
FR031428,0.0024678842359714356
FR024932,0.0059242809989014725
FR021162,0.056267356834623514
FR031035,0.013791507102552066
FR030934,0.012956067836943084
FR027533,0.017119267974781117
FR028731,0.001373823493992173
FR020515,6.448927598388703e-05
FR023931,0.003793735412375857
FR023739,0.007646268981566991
FR030499,0.02019390968856461
FR031265,0.012747120305850202
FR027770,0.01227334163204976
FR029437,6.976661314519028e-06
FR024830,0.006632578800600967
FR027381,0.024073554417430927
FR026678,0.009738772174095885
FR024210,0.0063916995124292724
FR029020,0.0389047672390584
FR023061,0.007668120069141754
FR025616,0.009558210117596989
FR023372,0.00747503368124824
FR030101,0.008946867616272433
FR025757,0.025670515978602586
FR025275,0.005849613251218951
FR030595,0.03400498602889483
FR025983,0.04105731112100061
FR021288,0.0030636037224062965
FR023278,0.13996135364674292
FR024636,0.006941844601267907
FR020236,0.011862419234364055
FR021137,0.00014481110880154528
FR031492,0.05643503310601157
FR023020,0.001879167734425464
FR028890,0.02240832271135654
FR030204,0.0055469935214724165
FR021574,0.11131509791637065
FR031954,0.033771526275410024
FR026918,0.013291659721768856
FR026557,0.0037389288303572724
FR020359,0.005810463916863029
FR024596,0.007587337188169274
FR029784,0.02990844371439025
FR028757,0.028146292301157408
FR029603,0.02266711428978338
FR031443,0.020956319471631915
FR025669,0.003586659955839094
FR020701,0.012304153647561072
FR023604,0.004201573303520584
FR023807,0.008069454932283057
FR027324,0.01400000292541681
FR021315,0.010300365082284732
FR022155,0.007086460990177537
FR022526,0.008925841410307287
FR031303,0.06070293984193857
FR022983,0.022769738194252744
FR023710,0.00036704301036188854
FR020174,0.0060643772737243905
FR031646,0.021141530305776098
FR024296,0.002602707960435358
FR023833,0.024295844599251392
FR026062,0.020192171641839143
FR025866,0.006843087545009369
FR022032,0.03197206588941952
FR026491,0.004049559754363573
FR031445,0.012666105797187868
FR029199,0.05731783249835524
FR025741,0.03570498057718487
FR022038,0.007741778214646959
FR026004,0.004920644349202537
FR021359,0.008890511338130187
FR026977,0.002786115709108127
FR027157,0.005324858906241222
FR027332,0.00371870484185851
FR024535,0.01380447592299966
FR028999,0.0174423659119267
FR020582,0.006435785303436744
FR023713,0.004600282666374228
FR027402,0.004695334998323361
FR020460,0.007694856230318296
FR022634,0.08068275021616474
FR029368,0.19007496963174678
FR028485,0.005553324462107423
FR023718,0.006659482177043915
FR025990,0.003404208796831329
FR030206,0.004904010676385549
FR021032,0.0055727952473371865
FR020053,0.007986621110481908
FR023157,0.12549889532112785
FR020279,0.007428038832278433
FR029014,0.008983101819795083
FR028536,0.005817930396261413
FR024058,0.003007035688545465
FR030950,0.005584116392132052
FR025807,0.00459593436088193
FR021133,0.03308825231087426
FR026537,1.0217902660599437e-05
FR023464,0.005457719987445516
FR023129,0.01968376590692888
FR023436,0.0002609760526890905
FR020954,0.016716791700875602
FR031253,0.0732342606822677
FR029718,0.004648460090445866
FR029917,0.02653793884803659
FR028289,0.009701013639300671
FR025824,0.018142998206531973
FR022693,0.015695368031626713
FR028017,0.030276217776843462
FR024405,0.006572865072502668
FR022721,0.014017820393236038
FR030442,0.01790811321331572
FR026020,0.011542357892065433
FR020022,0.009723864604750155
FR020358,0.005469993644542069
FR021424,0.008358774430356729
FR026794,0.028357752494861617
FR024152,0.004448715968797165
FR024100,0.004620993213756772
FR024985,0.009099431970812305
FR022022,0.002337159038227947
FR029837,0.017662661019695255
FR022297,0.012013460425886172
FR026884,0.0162564141571385
FR029196,0.007453097243399585
FR025212,0.0006377092633211642
FR029306,0.005795532214405061
FR027638,0.006956949281210842
FR024062,0.025879796887494422
FR028620,0.01973003013486557
FR023058,0.04100859053225137
FR025699,0.006328866557476514
FR027797,0.010453519800546237
FR026463,0.0065373905836115164
FR028853,0.005331498898794869
FR021480,0.006908817931613121
FR028021,0.0020341258827173813
FR025755,0.005300048458984326
FR021781,0.007412079176608586
FR026059,0.005626739012784196
FR022488,0.006405103706293887
FR024165,0.002203151603428306
FR031177,0.01257445934570244
FR024798,0.016496486708285383
FR028726,0.00652956246162803
FR025259,0.006391601752254061
FR031926,0.0056602342870415295
FR029746,0.006893294362617891
FR021153,0.005971036245356731
FR026005,0.007162378593914007
FR027075,0.018134764695233833
FR031798,0.0047430552146932835
FR024230,0.0026293295998063722
FR024215,0.01376684120438487
FR020805,0.8622964771114179
FR023869,0.0076880615742900196
FR029947,0.004781682771021074
FR025251,0.014442337514470363
FR020407,0.020693059627146997
FR024518,0.005785535984548742
FR020998,0.01609242770323909
FR027418,0.008952290202621694
FR027740,0.011714681258900664
FR023637,0.01851227571615076
FR020790,0.013461850531773794
FR031910,0.0035505338805719476
FR024823,0.009614084528652232
FR020971,0.0047872214516561
FR030933,0.00781955206817034
FR023536,0.009667074226446113
FR025737,0.05694143018444978
FR031421,0.0024140225653344898
FR028947,0.01684621281902888
FR028052,0.006217176781127294
FR025185,0.08319709830142348
FR023482,0.003967618769433702
FR027944,0.011005973352172614
FR026012,0.009825716041112776
FR026496,0.012455762209821395
FR025282,0.019342132324079886
FR021287,0.0034135148664651035
FR030267,0.011080074380602205
FR020480,0.0060330638489000344
FR028147,0.21054706474237878
FR026705,0.02580507772418508
FR031497,0.007385186362166691
FR030816,0.0053056522979532785
FR025960,0.038438019246854735
FR020049,0.012067492835974188
FR024171,0.034475593119220306
FR028044,0.004183884083088769
FR025871,0.005299350654466813
FR025837,0.02082171369661813
FR024368,0.003089389836540425
FR027238,0.004844790373357974
FR029167,0.013980391237800774
FR027603,0.17169957388858337
FR026656,0.01626727249230301
FR028913,0.009248601327200677
FR025023,0.003506296796915689
FR026200,0.0083028315345183
FR020393,0.004843323308091332
FR028741,0.02333522195315215
FR024519,0.003808038372866669
FR020594,0.03324941136370541
FR030230,0.0020840932851872614
FR027198,0.003096258878662917
FR028479,0.0084370115266328
FR028598,0.008494043322383113
FR030733,0.07687574191768368
FR022819,0.0038872318773694975
FR024948,0.014040269554696911
FR020469,0.0038858469490284167
FR030813,0.011824409631632123
FR029077,0.005871071502302286
FR023184,0.028938434638271948
FR023221,0.02676521383890942
FR021580,0.01229272631976997
FR022744,0.17006225659980825
FR022308,0.0003914637775892863
FR029012,0.008980430015847841
FR028560,0.02296302590060004
FR029862,0.015313658734607747
FR028104,0.009981225795286524
FR031407,0.010888438965584857
FR029660,0.0001839027936093422
FR029913,0.01234873773696563
FR030432,0.004320841996834695
FR030922,0.0047914024502182075
FR025114,0.003464325321760966
FR031436,0.003283965115600766
FR024555,0.008008117386755954
FR027548,0.01059789185861261
FR025823,0.026399751067689787
FR028939,0.02000557263427223
FR024566,0.0018464286234085763
FR021317,0.0043725427033418215
FR026087,0.004921658784452784
FR025257,0.0036642339442388566
FR022923,0.011205057257348557
FR026230,0.0059250690747626265
FR028328,0.005913126010633319
FR022296,0.023778965056846194
FR027562,0.0634220012843144
FR029709,0.008127073456844273
FR020592,0.00667762813326947
FR030242,0.01011324042921926
FR023942,0.005329454794474756
FR031867,0.0029144777364908765
FR031468,0.007885028182676654
FR023158,0.002708407351018712
FR028456,0.018220148591372515
FR021254,0.1795642295027712
FR027684,0.02801514340330005
FR023502,0.003802628155989375
FR023391,0.008990432916088685
FR028276,0.00442578084940965
FR028027,0.0040066163251222
FR028924,0.004797606343168616
FR025620,0.009709733585793917
FR028162,0.06387055406740925
FR030700,0.014040498000032124
FR025687,0.0027424979903615423
FR029323,0.009721268668478803
FR020945,0.0038236641905723947
FR022407,0.03848214786128941
FR028365,0.007960432516220204
FR031893,0.007577548816517244
FR027822,0.007618556813044062
FR026233,0.018751253598473884
FR022637,0.0030334402667091904
FR031757,0.01939455739498257
FR021158,0.0024458175683236432
FR025269,0.00752499606939687
FR029422,0.13591774668520634
FR028524,0.005792975951319009
FR020463,0.011747566451785813
FR029949,0.0035167968267399577
FR025064,0.025752961445205166
FR029286,0.018665639358714476
FR031462,0.05756689141711075
FR025861,0.019668536500461516
FR027898,0.008156148615363268
FR029426,0.11667610741023585
FR020895,0.008082137038878692
FR022834,0.004111601580525366
FR021807,0.017126673461340315
FR031233,0.014831644065905765
FR031921,0.007733552643443357
FR020968,0.005648834024533348
FR020417,0.003776489473254539
FR029737,0.05907014976566299
FR025194,0.15837320091375254
FR026460,0.01069759156086613
FR023805,0.005858905556048783
FR030103,0.012176981293775856
FR022695,0.0017611066684873884
FR026562,0.005334863936640334
FR028109,0.007596431944187215
FR027514,0.005538938267107285
FR027500,0.005804809001823682
FR029614,0.0821540454130769
FR020966,0.008232325759303619
FR020714,0.01326130314636066
FR024121,0.012508517592820397
FR028010,0.014757133090280039
FR028680,0.038786468577462443
FR021360,0.02723831176917175
FR023553,0.005379934206574883
FR023703,0.03543229536456978
FR026565,0.1411076321008006
FR031270,0.00460263944560519
FR020658,0.5108356118578201
FR031533,0.028129340619171526
FR022584,0.005121903546992953
FR029817,0.0020114357937506084
FR021194,0.004416346638804541
FR023956,0.02616231817684925
FR024813,0.009832025226410291
FR030073,0.0029594717958038906
FR025934,0.013937498200298848
FR023261,0.012401234877212636
FR029733,0.016352544609167033
FR031230,0.022395810078965097
FR024666,0.007233459856222258
FR020809,0.007137283891450145
FR024403,0.010842844142290945
FR026807,0.004627526774253793
FR025783,0.003138967766455175
FR028263,0.10831139406049403
FR026575,0.01067106804064086
FR026001,0.004354601384777308
FR027032,0.017167040561065987
FR023347,0.011171680568450495
FR020900,0.3275653767285427
FR029060,0.0019419022902271092
FR022842,0.00013138979354747994
FR025788,0.4973778574006634
FR030925,0.030977853584127024
FR024920,0.001628610456524965
FR025965,0.009820018697567984
FR025888,0.018789974540106797
FR026359,0.008780125850740167
FR021889,0.005066372116049418
FR028288,0.005197328674824878
FR020854,0.025458380039878638
FR028515,0.006714650410452865
FR029878,0.0007157246302647892
FR021949,0.005074481457026311
FR031397,0.0030233428119420813
FR030308,0.0031065052761002315
FR030893,0.016833796201708117
FR025322,0.013278672036653337
FR026180,0.002252804202455173
FR025360,0.004368100684343444
FR028475,0.010604063150928243
FR027998,0.02606397329848249
FR021084,0.017882117151854043
FR021373,0.006777771724277596
FR031988,0.04125301563213746
FR026392,0.006586033725750878
FR023122,0.061062438897798735
FR025147,0.020092434336450492
FR021732,0.003498015931567249
FR026690,0.006674378947777563
FR023417,0.008542802534536122
FR024049,0.00562803710335991
FR031109,0.009761539956903436
FR023549,0.014767423338399248
FR026262,0.01024796754366509
FR028800,0.005604978245330515
FR027916,0.0003039598874301865
FR022213,0.009775957084640841
FR021213,0.022975250782876145
FR022734,0.005310975734671876
FR029185,0.00997027287229954
FR026436,0.016825672786394824
FR020553,0.0047072301569362155
FR027227,0.00019376142758616876
FR022400,0.005830873711943263
FR021417,0.006826054956413043
FR021472,0.0059130329362018065
FR030976,0.005352064443241821
FR027653,0.008742666616507657
FR024750,0.006240484425627383
FR025007,0.08363409821417361
FR030987,0.0032127464847311743
FR023613,0.006145442753622937
FR020922,0.011195596519070154
FR028922,0.0070004140245716545
FR031934,0.01998738370159287
FR027488,0.01011825464770059
FR026993,0.026161589011006247
FR023882,0.023152481192927527
FR024158,0.006474278188783007
FR020814,0.006439252267462649
FR031008,0.03390501456918331
FR026527,0.003993686089294571
FR022231,0.0043339762134155125
FR031274,0.0026432593533005306
FR021481,0.00032867841686056804
FR025059,0.13695608141922322
FR022361,0.0012567749368678342
FR028118,0.2956559178724159
FR027055,0.003967240872649796
FR030248,0.008162993644375817
FR020265,0.00520114618712608
FR023149,0.009949552781269758
FR029122,0.0066114709283263155
FR030750,0.011226130174805393
FR023773,0.013377541700110851
FR027648,0.036950712489151265
FR020710,0.010895171034419041
FR025098,0.0031115059943301188
FR031344,0.0059781565233210775
FR025993,0.0059170991022498435
FR024680,0.03217846615830884
FR030754,0.009295020173488017
FR026082,0.0041395302145101655
FR027631,0.014189709996823443
FR022993,0.009743622453040652
FR028818,0.007640235464052865
FR020632,0.007764919487669567
FR021867,0.021375870537609438
FR020447,0.009189602679176128
FR023879,0.006152946546653279
FR031586,0.003699391434792531
FR029578,0.012324508848406475
FR028755,0.007263192732653217
FR028918,0.0035277766125480434
FR028084,0.012071124003438847
FR029162,0.005422730033647481
FR028592,0.03874485721932817
FR031028,0.006885625023331673
FR021487,0.003561635508634803
FR030516,0.01299384242785164
FR025884,0.009122985955888289
FR022946,0.0050935814905669315
FR023126,0.017482424766581232
FR024156,0.06597938983569505
FR030774,0.011511890053677386
FR022388,0.002902705204551381
FR020674,0.0006390780705135328
FR022433,0.019258005184660632
FR029083,0.004378467373772579
FR025799,0.005336624765290473
FR023512,0.1270632084348659
FR023185,0.01281320919704057
FR020989,0.006950822020040776
FR022162,0.01973530915973106
FR031291,0.010026272894352041
FR020948,0.007228396420061327
FR021565,0.0035987669899919116
FR022895,0.002840168393343971
FR028278,0.019077468851007365
FR024556,0.2995481389178952
FR030830,0.022771362198895313
FR031006,0.0078034202987182725
FR031529,0.004357416451475107
FR027586,0.0032716109105151263
FR020656,0.02839852437336142
FR022240,0.020483495012557307
FR020323,0.020485300470128632
FR030787,0.011298073590882387
FR024759,0.0027332886558089874
FR029636,0.004875187182257706
FR020156,0.0063158719996386295
FR027204,0.007663873627786157
FR029134,0.007882163081690048
FR025470,0.006803322438745198
FR023048,0.01631141930936077
FR020807,0.004678701113549761
FR028227,0.005902006790722995
FR029361,0.008011589659226348
FR031610,0.014694049425183403
FR026882,0.024891574540931664
FR028605,0.05526744996650362
FR025207,0.0065874308462347785
FR031924,0.019078015245984882
FR027722,0.01794499639624406
FR031130,0.009675899265727126
FR029536,0.004120242911395907
FR020226,0.02223641379839818
FR023927,0.0027548587103307003
FR022062,0.018761891293605577
FR027154,0.012180570779011019
FR025149,0.006608481538633447
FR021682,0.015715873690295562
FR030131,0.009680579766204702
FR020218,0.011855865878080423
FR030396,0.004868942215228448
FR022572,0.0047396587009572114
FR031633,0.005205055646307944
FR030119,0.00923873254594469
FR027918,0.014893615256376386
FR031029,0.005681344496863592
FR028712,0.36588926148477424
FR021184,0.009377171843217513
FR024227,0.011287854035141669
FR020933,0.007512767978859688
FR025430,0.019065358090732867
FR030443,0.018528054147172884
FR026212,0.010144357695579538
FR027712,0.02307809976773053
FR028735,0.0038908948336570503
FR023776,0.0082086992405491
FR020244,0.626601193959746
FR027393,0.006268393787287763
FR021261,0.00019356969159883334
FR025905,0.014008503327349034
FR026120,0.01076511156032691
FR020441,0.005347292908810057
FR021281,0.004135268452079507
FR031600,0.011727666456592982
FR022249,0.0880506643987899
FR026321,0.007599971242470271
FR025110,0.00866401910219741
FR020061,0.02074990981956116
FR020680,0.0065461266865988335
FR029633,0.038713766081809986
FR021857,0.00803621841872288
FR031350,0.0070360022998879855
FR028110,0.012115847007957465
FR022651,0.005207394632856772
FR024288,0.005910514597024641
FR025593,0.14052756478593367
FR029171,3.619129431161964e-05
FR020865,0.004472806162550472
FR023199,0.002961233463756126
FR024140,0.012412250759922685
FR022439,0.021922395741042683
FR031157,0.005568825646103663
FR029567,0.16637009254221183
FR023764,0.027443678040592584
FR022903,0.024533619395391157
FR031305,0.03377078160038624
FR031888,0.007031570337060996
FR027977,0.013844121531599701
FR025306,0.006432713887696679
FR021045,0.004921333002955207
FR025439,0.005034031344161453
FR024515,0.016674976066785658
FR024116,0.017377173664342296
FR022012,0.02336901261377267
FR027314,0.0016078826900285319
FR027884,0.0027539417737222453
FR030636,0.014466599472284267
FR029034,0.02484496154753027
FR025405,0.02046618993343957
FR030385,0.00415713751215627
FR022305,0.01569632336581652
FR023770,0.01066627497120211
FR021469,0.012725572926207646
FR023786,0.010003409477746654
FR021196,0.0033542371488967412
FR028256,0.03153213301343284
FR025677,0.006021289850588394
FR023254,0.004513683162453237
FR024122,0.006838077950408983
FR022684,0.07203141067949848
FR024978,0.0053396860081946175
FR027835,0.008802681422575795
FR025081,0.004041699485980116
FR024224,0.008904161078537887
FR020647,0.027609297683619274
FR022562,0.004302904731876919
FR020521,0.004741605051003654
FR030246,0.003235796096296844
FR031825,0.004678013224791127
FR021890,0.003205950670378286
FR025565,0.004297403360421695
FR023741,0.003907254188106037
FR025538,0.010918272580678874
FR026798,0.029931348019615844
FR024439,0.013411292958624468
FR025371,0.0029992650110919174
FR026699,0.020527191968138084
FR021181,0.014164208222320581
FR021875,0.01309338518582861
FR031419,0.02318031238107908
FR021169,0.0033663449345307937
FR024685,0.014712007377039404
FR031025,0.006389739028883083
FR026623,0.014824464744984753
FR020390,0.02052048059462947
FR024174,0.00024105495352828835
FR028152,0.03803878016759939
FR026157,0.03182299626234949
FR030638,0.010388517690948836
FR021531,0.027386463972179278
FR031049,0.037916892562219126
FR029042,0.004044603031257054
FR028872,0.007442458416042269
FR023868,0.006255087536580655
FR030977,0.018387926635103698
FR029429,0.02516167789170663
FR023203,0.013251777067058115
FR024469,0.005550331067386466
FR027291,0.04047450091282497
FR029975,0.018593782918690925
FR029008,0.013448880223159683
FR026408,0.010603275951496892
FR024072,0.04504866523072156
FR024887,0.011126560217244513
FR028587,0.007663944029073081
FR020793,0.0089410923290198
FR028073,0.017545948447077273
FR021269,0.006234918104921896
FR022027,0.004672506740472758
FR027922,0.00810034940577948
FR028146,0.009614922590925501
FR020707,0.006612014783116366
FR022353,0.16795069620697364
FR022298,0.03261328256322382
FR021348,0.005419471646758663
FR023450,0.006642411355165916
FR028815,0.00584826436741949
FR031955,0.0026254024430810005
FR020655,0.012608136532328663
FR024902,0.00938100979805515
FR021199,0.0015129602803219345
FR029835,0.00906359351310915
FR027478,0.009106711937520799
FR026569,0.023913599131608242
FR031641,0.03514582265940734
FR021446,0.02410583277724504
FR023962,0.004572749011269356
FR028704,0.009292583008843768
FR021957,0.004485156399731867
FR025932,0.018051733596939516
FR021167,0.021538729723123474
FR028693,0.03622354527310665
FR025120,0.008042005928121822
FR029506,0.0049586016034745715
FR020829,0.026128262137889397
FR029597,0.013517029986429861
FR022129,0.008029753091673229
FR027856,0.003305712944520209
FR025629,0.02102873189509541
FR031517,0.01320516048364812
FR030047,0.03722185775569718
FR021566,0.009220312925130031
FR026122,0.007023345511671159
FR026431,0.005570759256576874
FR022540,0.002767529059646106
FR030473,0.005978992827176378
FR028941,0.0020964902676162338
FR022454,0.6249971765635964
FR031284,0.010096590358880367
FR025928,0.022685092762457518
FR020468,0.025784596508186736
FR024633,0.010205174271971974
FR028245,0.008066363571163129
FR021212,0.01763435635424548
FR030491,0.03088083179002193
FR024294,0.014856592466060152
FR026710,0.007941954048015634
FR027114,0.008716230276184683
FR023285,0.018314400083839603
FR030332,0.004356906914389874
FR023223,0.41235428541570024
FR026228,0.002935961464934963
FR025266,0.00483953619741856
FR025713,0.02841181445218932
FR031141,0.014363752615583605
FR030191,0.011192827180913552
FR028676,0.04137624720114247
FR029507,0.0012127860777605603
FR023236,0.1969343768525978
FR029219,0.008750322967040926
FR024199,0.01556241937397319
FR029490,0.008576855601285774
FR022448,0.014737197675893335
FR025473,0.010152040556259845
FR026310,0.016379639997335695
FR030027,0.004731085837860766
FR028319,0.024892700162278254
FR021864,0.006441744091670529
FR030923,0.015545430648131528
FR022435,0.012123866058229613
FR028125,0.006130982824947889
FR030980,0.0033622941057150414
FR030569,0.018304695266323924
FR026434,0.042437690198999095
FR023422,0.007835230811089644
FR026585,0.0029961315019045283
FR029560,0.005970062145739939
FR031831,0.0067952879744250265
FR031991,0.010572284993925898
FR025674,0.006074187486038943
FR025980,0.018971361883094263
FR022301,0.03850712920185102
FR027890,0.0067995106321553055
FR024079,0.008549384483217208
FR021854,0.007928947971283741
FR027877,0.0011673075374269166
FR028997,0.02417676951809003
FR029205,0.008574641793798255
FR020901,0.0032736491027125776
FR026999,0.0031637793678922247
FR031706,0.10671497928898997
FR029789,0.01005249622595076
FR022945,0.006438142446556878
FR028559,0.00990488082258943
FR031220,0.00991305004349688
FR020833,0.010312171714470042
FR027516,0.013781698584754164
FR021600,0.01346001042112645
FR021521,0.019839657097929814
FR029621,0.007772211218419694
FR024735,0.0040279968995368814
FR022985,0.0032544268671143017
FR031782,0.0024062088499047516
FR023428,0.00027420393012331386
FR022702,0.00888361483881553
FR027630,0.08380193961551943
FR026479,0.008962405382620671
FR024036,0.008369219624177438
FR024736,0.028102916842168497
FR031654,0.00885800148392706
FR020892,0.011569478729953205
FR031703,0.0076493016427128975
FR026743,0.4693318113996216
FR020459,0.00974846161395381
FR022856,0.0064370255736608175
FR026570,0.022990558432651208
FR021393,0.005424299775633571
FR029119,0.05728457896246092
FR026730,0.03524549019732218
FR020838,0.013414731458113715
FR029580,0.0003106814116841203
FR023368,0.0064692130332082015
FR024564,0.006179408640931677
FR027813,0.005973409763434895
FR029046,0.006120574724261416
FR030866,2.836207394338352e-05
FR028609,0.0002631659252175383
FR028159,0.005633057847222282
FR022662,0.0025522425329736766
FR029477,0.005770714089050953
FR030592,0.034549068095570463
FR030299,0.018466837661842032
FR025485,0.009317293263087402
FR023527,0.009887655910766839
FR028409,0.005151861275121794
FR020125,0.0038754733801293
FR023940,0.02639274030306063
FR021962,0.0028623503685713233
FR026540,0.5831620546950433
FR020618,0.031127203597541193
FR021365,0.008733625328822724
FR028666,0.0031287307577353477
FR020811,0.00800153615122612
FR024815,0.012968885694872387
FR025986,0.004336547496716953
FR022437,0.003639569003884954
FR029466,0.008596138843115617
FR027746,0.008283319677379495
FR020147,0.009068020990077306
FR025547,0.03840616758235129
FR029126,0.008504099705781958
FR020047,0.03508202356745176
FR030553,0.006016712898287453
FR031401,0.03517218738468494
FR031928,0.04366684326785982
FR030560,0.0037719140193042964
FR026248,0.005432785923631358
FR024646,0.6542451928649455
FR023609,0.004809503544546538
FR029301,0.006611679584924325
FR026078,0.012628412712441877
FR020020,0.032120428804091716
FR028858,0.006612822285106819
FR025479,0.004396787996346686
FR025193,0.03880219719074981
FR027158,0.010780055091087449
FR030457,0.008027460223625882
FR024791,0.013439224342664138
FR025402,0.005536013060616409
FR024604,0.007070627636170711
FR023227,0.008377055282092908
FR023561,0.011834286919355086
FR031862,0.02771104433174158
FR028370,0.0073829948623027435
FR024936,0.006495397198630598
FR030427,0.006856493703435777
FR026149,0.012370578499869701
FR021572,0.006488452265880754
FR020039,0.003898804004766973
FR021253,0.009587089984595414
FR026995,0.0033637175677750175
FR022889,0.05496269627078288
FR026775,0.0064986738995325855
FR027870,0.011556137681845305
FR029753,0.004527908558764345
FR020280,0.011365616271762614
FR029344,0.04097555056947306
FR022223,0.004530189547136736
FR021877,0.011729690166943668
FR030082,0.094321971218416
FR029400,0.029030696166517166
FR022379,0.023146547187912755
FR024009,0.0024388948308774632
FR026679,0.0020113544200148245
FR027150,0.013773718078621603
FR030218,0.006007338447904365
FR031014,0.01900205468950261
FR031687,0.0028390975234998807
FR025105,0.00013926797633321614
FR024554,2.020326639532925e-05
FR020785,0.00036146831783674053
FR022478,0.01909498828664607
FR031324,0.0034287648496158308
FR030926,0.008038342855188186
FR025598,0.002726103139244938
FR023638,0.01618127641180841
FR024629,0.005656921832725017
FR023733,0.000442035579678194
FR029475,0.003072318422317352
FR022928,0.004244902275706007
FR024314,0.008969208754703566
FR022339,0.015722348723940068
FR027654,0.021412369579264692
FR026023,0.010607649822491828
FR022102,0.0399407484415638
FR028420,0.008459166432550486
FR030438,0.6392714919222642
FR031374,0.013289504267630939
FR026663,0.0024998393410022106
FR031820,0.015031433825361177
FR025785,0.0038747307276868832
FR031465,0.04050091792347598
FR030579,0.004511321663301563
FR024908,0.0054363179673456285
FR021878,0.00037035464891867746
FR026304,0.0027677656473224246
FR023449,0.003748701005095241
FR023375,0.004015115908501283
FR022104,0.002493913769793772
FR031207,0.013784126451539582
FR021381,0.004662973517824669
FR026411,0.008795919424236564
FR031146,0.026188472872711668
FR021859,0.004988875675519174
FR024307,0.00858947860700545
FR026349,0.0028674789789491046
FR022408,0.00034084245614811256
FR027224,0.010255463842459208
FR024052,0.004045747729457308
FR029973,0.005678150899439244
FR020371,0.03359286309660042
FR022226,0.008401626671558615
FR031124,0.005320216681784994
FR030458,0.006599437358180186
FR025958,0.0003089993858126505
FR024480,0.003312141920572375
FR028453,0.043359489744648996
FR027881,0.024352278301118167
FR025692,0.007039036014441775
FR023592,0.0010742453667535944
FR027522,0.011110542174775936
FR031704,0.0036589279690640536
FR029820,0.0026901828699572774
FR024883,0.000497181918506141
FR022869,0.011866623772195774
FR024305,0.004700223203957996
FR029138,0.0029468780478310876
FR025328,0.007478739141906116
FR022001,0.001243027167736596
FR020659,0.04886226658602876
FR025113,0.03344213194596664
FR022079,0.015376388372440566
FR030526,0.014971658364924032
FR026459,0.031919673620018234
FR023796,0.003136135793111767
FR025615,0.004338415389831508
FR028366,0.008155352007658845
FR024074,0.011426118917785295
FR031385,0.1135174979396761
FR022445,0.004978754347803468
FR028393,0.009827849806651542
FR029451,0.09328946818186092
FR021975,0.02462676016349979
FR029080,0.0038350703220554256
FR030272,0.021523584321506813
FR021402,0.01465839812822783
FR028134,0.00711341288146978
FR026676,0.08146615271247142
FR025130,0.006166072564921202
FR031809,0.006641459416479819
FR025808,0.0042252303935865175
FR030363,0.026026602804462683
FR027017,0.01476631390726849
FR029312,0.003609219826191193
FR027149,0.008649462161964556
FR027703,0.014846809657712968
FR024306,0.019357734147308667
FR025745,0.007443547167150386
FR028702,0.026775131017476587
FR025483,0.025038696189451228
FR021190,0.03193535932040619
FR021800,0.004881892005473914
FR028070,0.0071753438538226305
FR024131,0.006027693141335521
FR026733,0.016729849755981376
FR022070,0.015476212167478234
FR026403,0.004603676633361393
FR022368,0.006597358885353893
FR021114,0.004532029361525774
FR027723,0.0026433454287085687
FR020504,0.005725680670210559
FR020613,0.0038486534243347957
FR031979,0.0060971482434330395
FR023958,0.004887103530109829
FR031044,0.010924038249176945
FR031075,0.010652653005220392
FR021087,0.00774034511162258
FR022575,0.010268952236842618
FR021216,0.011138742274205535
FR030172,0.05666935627867549
FR029485,0.0070018255432384826
FR027939,0.0035234265015521475
FR029290,0.008066005629397056
FR025262,0.012172158200081865
FR023455,0.04130831268002247
FR023358,0.004226661272706388
FR026467,0.0051419011176457195
FR028048,0.002736571659365155
FR030312,0.005395293615485112
FR022878,0.025717788573637664
FR031281,0.00023214595659848346
FR021154,0.004107042965936541
FR022612,0.0066801942714480225
FR024915,0.005297621280112391
FR020552,0.01813321664209477
FR026904,0.0004535444775880133
FR020456,0.009801298942685941
FR029076,0.007379587542182946
FR026982,0.017774281297458828
FR030337,0.00870464540470084
FR022523,0.004714986636683689
FR023765,0.017263347173511544
FR024464,0.0042484950338330775
FR022360,0.14738897393749392
FR023936,0.008776102649526638
FR027527,0.0002160159259518702
FR022501,0.0034037567009550015
FR020025,0.08048650863119199
FR027716,0.012333115268786207
FR024742,0.013169941388714005
FR023622,0.004331576808252831
FR029735,0.024901056639204354
FR030710,0.00505544779389322
FR026345,0.017424652310735554
FR021262,0.016793008132751086
FR028285,0.003613225163837456
FR021201,0.023084841047061835
FR021593,0.009509438453145206
FR031506,0.014881910624195483
FR022549,0.00764054734137403
FR027197,0.22230731468856219
FR029653,0.013852462699579272
FR027502,0.020065119412472018
FR024178,0.01685986060305709
FR020867,0.008639386255877192
FR026991,0.6992766093752124
FR026276,0.00888637317499032
FR022317,0.011885579396711931
FR030907,0.013599612440619992
FR029773,0.0006498622672711889
FR029118,0.007748967207891238
FR022977,0.00022150720260327063
FR021973,0.004630371362777394
FR025806,0.00841568111167552
FR027229,0.024745760260420753
FR028582,0.007483959502813189
FR026035,0.007720380502883299
FR027810,0.01690487246329274
FR022402,0.021999416719776187
FR020767,0.0019650280396465015
FR026777,0.17135153140548567
FR029772,0.0031728997241561546
FR021048,0.0779743453640522
FR021351,0.009997939010952299
FR031889,0.003368906730707866
FR029248,0.0003170239859493359
FR027058,0.13485194965500114
FR022778,0.008862031126923811
FR027387,0.028306109952598548
FR022603,0.011180191449820874
FR029141,0.006196566134926394
FR028725,0.011116384770450242
FR023405,0.010585263884827969
FR025908,0.01045639905401849
FR028356,0.008037888223545347
FR022274,0.004442947030757214
FR025863,0.0029828206016567055
FR023130,0.007839620265111515
FR031982,0.0051251383002283895
FR023498,0.004963473615229026
FR029645,0.0015581181530932443
FR023180,0.0178463011359395
FR028551,0.012226467024064144
FR021340,0.005602770618521086
FR029710,0.03174968914563583
FR021944,0.023905714260725564
FR020217,0.008404983967917922
FR022545,0.015119767351408941
FR021744,0.010811038473478805
FR026759,0.00315312781193048
FR027808,0.03900583533510425
FR031875,0.007592930205649262
FR027129,0.005928955147846719
FR020944,0.00448738022087019
FR030522,0.013367142610004311
FR025505,0.00346834671158928
FR020139,0.003847045819497824
FR027118,0.0062203237052178
FR024057,0.003062438699425602
FR026579,0.0030503845189258825
FR023174,0.007362149830100889
FR029245,0.009004920510381396
FR022586,0.028921203147551332
FR022185,0.00810887881026027
FR029870,0.0035987268937703078
FR020067,0.021185877643171636
FR023617,0.008664891361918683
FR031123,0.01649068934541192
FR029747,0.05611146703466339
FR024621,0.005924733257205318
FR021350,0.0035339460474774487
FR022471,0.012645145878689567
FR028364,0.01643140043604925
FR028107,0.05953585168547758
FR029494,0.005152264088819563
FR023567,0.008068444329024737
FR023674,0.00956038486127393
FR026446,0.014170532125414356
FR029833,0.0037893839738200948
FR031382,0.08232269293018885
FR029511,0.00502836758249227
FR031570,0.016002319331326266
FR031493,0.002005731588999164
FR023987,0.007202526728191077
FR022544,0.018113141382945556
FR022509,0.017532719064866555
FR020792,0.009831229729702679
FR021339,0.011532709842001406
FR021193,0.04947484542687589
FR031023,0.0044947111017676475
FR026184,0.00896923023229485
FR023373,0.016500864760851906
FR023548,0.033480008537398985
FR020242,0.15261851357689699
FR025528,0.02571470010507566
FR029510,0.0029928073102127614
FR027619,0.003131266699079373
FR024070,0.0072980515809212415
FR023328,0.006506549404881654
FR023653,0.002360124001010634
FR026333,0.026099895641360712
FR023423,0.0029849085963816802
FR025825,0.0188867991270947
FR023256,0.004882395600244576
FR027263,0.00800788564302541
FR027169,0.013710072242044442
FR030831,0.003798855706752589
FR031387,0.0015402575077496016
FR026795,0.0034605435002141864
FR023758,0.005226429182638628
FR024437,0.021253612666656464
FR022645,0.005648720771110163
FR026167,0.004892994104412227
FR021924,0.003365216377645492
FR024219,0.026760571690817074
FR024357,0.009726747854749172
FR022277,0.005246702811789856
FR030583,0.007357890143233658
FR028423,0.04757456726432237
FR023656,0.006920204950774023
FR025376,0.001811454562350038
FR021007,0.017268839496696047
FR022978,0.0038149445144422794
FR020213,0.042278372423610995
FR031368,0.00592091819147017
FR024589,0.008257996144597888
FR020563,0.017703175396828648
FR025144,0.006300681229118421
FR029421,0.0033752418825779523
FR021954,0.005996914390487918
FR021374,0.03238771859148311
FR022569,0.007345346945073646
FR024117,0.02139765721903197
FR029602,0.007948410048372037
FR022672,0.0022267837435271352
FR030661,0.00746214708556873
FR029172,0.010994651122317902
FR028887,0.0486339246508038
FR030136,0.007587453935390357
FR028927,0.011126293208172914
FR030599,0.0005542808386131526
FR028971,0.013754574213124164
FR024917,0.029148509065575125
FR025963,0.004544524921978188
FR025474,0.003710892859477661
FR021129,0.005467240056174915
FR022911,0.007962586419084951
FR022287,0.0076632489071497825
FR029063,0.014933950581991467
FR028904,0.005704322037616435
FR024886,0.018050416981776854
FR020755,0.24040191003849562
FR022745,0.00870734365338557
FR021156,0.02084097615822104
FR031331,0.006984451803637827
FR021123,0.026173125373352767
FR028809,0.010621513105215339
FR021815,0.0036985243462720383
FR030383,7.614846614493283e-06
FR027618,0.015149865498067346
FR021816,0.007010274851432458
FR031060,0.009727638028459861
FR028069,0.014163403627507159
FR029078,0.0037294002872368245
FR027015,0.05071565627119685
FR028708,0.018815804998995177
FR022508,0.02495622087355807
FR030991,0.01025729010104389
FR030946,0.0033403312101947936
FR021037,0.007684432557491388
FR028392,0.007219404153837534
FR028907,0.005221123365717214
FR030055,0.003086766115414799
FR030865,0.061726339460181814
FR022937,0.026425842170661358
FR028874,0.00671464902946915
FR027217,0.0029024071757701563
FR030873,0.01627981126702856
FR029800,0.025766585222816735
FR025921,0.004286158448486421
FR029543,0.002422010096677998
FR023109,0.39029220062564157
FR031132,0.023053841225421486
FR030978,0.007563231389009871
FR022859,0.0053499985718634185
FR029572,0.0028236561108097085
FR025843,0.0030696538159797936
FR026957,0.01945173925789881
FR031046,0.004502759653577655
FR024447,0.00829112755976828
FR021033,0.011728058830257723
FR030724,0.0043613471964864415
FR030805,0.008268772000493283
FR026146,0.01382417084636415
FR028042,0.008373541034515644
FR028233,0.0031076694628082153
FR022563,0.002950730501968844
FR022786,0.02933510566453121
FR025765,0.009498700795123733
FR021773,0.008662258588533459
FR024282,0.002813293286645709
FR027969,0.011895556130958712
FR027528,0.010082252313974938
FR030529,0.09999493228258605
FR027817,0.033177653305769154
FR027302,0.011487759325935168
FR023895,0.012760948277458913
FR022181,0.004821860159245204
FR029335,0.0011554137923959114
FR026129,0.7200724001440144
FR025083,0.002247187129868032
FR030057,0.016389802216328627
FR024126,0.00447742483567936
FR024579,0.007790793412519511
FR028964,0.024576710458890563
FR024673,0.0048514176990947025
FR031173,0.0038239155412657095
FR020743,0.01549922828620856
FR023707,0.007941859988025645
FR020454,0.09106238724679452
FR031936,0.011758974561736836
FR027260,0.0043222044490351524
FR025766,0.005645126268088422
FR021922,0.013569628287606618
FR025520,0.009407306717015394
FR021849,0.0026531087790690397
FR028742,0.0016716983436783509
FR022237,0.007221079362498661
FR029484,0.013655117631015847
FR029853,0.018567372497545514
FR024197,0.13897759258119416
FR020750,0.006426481734980141
FR022056,0.00759017909149578
FR031112,0.0040707150259264085
FR023350,0.007705628102272163
FR025536,0.008254510950899827
FR022389,0.009232629389883307
FR031637,0.0019397459274259402
FR029623,0.008418629062752892
FR024433,0.008558460451302196
FR029384,0.004317489743707153
FR029514,0.009129694428329354
FR029354,0.01362777962904942
FR029585,0.005879613866325197
FR022874,0.03585156695192876
FR031395,0.07441813313071904
FR022410,0.0055113848931432705
FR025335,0.01300821095549001
FR028460,0.0056035946505807194
FR020860,0.006357649154837547
FR021606,0.0658995339964305
FR024408,0.007596430101749827
FR020621,0.0065399276901997525
FR028273,0.02066734051791969
FR031567,0.07455351871061175
FR020376,0.08306476001354277
FR030159,0.004822501018057858
FR024281,0.008528414674652793
FR025365,0.038120612746623136
FR031412,0.04109372209771346
FR021011,0.003397677519367174
FR023555,0.0027594822034246276
FR022939,0.020601039706684827
FR030511,0.008341548149137911
FR024263,0.005736475714801084
FR023078,0.0002969588964987311
FR020010,0.014349245197531403
FR029395,0.005795005800537535
FR027842,0.014392485689007325
FR031010,0.0027789640041594793
FR023544,0.013395346058206229
FR028957,0.013502930975030155
FR028176,0.0049924355336686144
FR024109,0.002605747327540068
FR028487,0.001456151424966391
FR029068,0.002954072327437732
FR031204,0.012589398750073661
FR027225,0.0398923176339183
FR020926,0.004486466261936063
FR031791,0.1303414880539935
FR025489,0.004600736682423196
FR027283,0.003677381824261997
FR020839,0.005430629607747321
FR029695,0.0009311246196601155
FR031558,0.0020044615840289952
FR020301,0.009100270673127232
FR029722,0.015482697828213729
FR029796,0.0046639935405753605
FR020738,0.011434977199744548
FR031055,0.005044202157406965
FR030742,0.009582530794555864
FR025352,0.05875394880647941
FR028416,0.020968120761254903
FR021013,0.002827656139780141
FR027010,0.0030699279436973907
FR021893,0.007498051952118795
FR027793,0.01739706718489548
FR022101,0.00642132706973593
FR030655,0.011146082628176148
FR024796,0.02061071244645786
FR028723,0.00252595724304048
FR029570,0.011009315908234426
FR024746,0.006019415349001809
FR028414,0.0034385807279431494
FR030988,0.013732314544877696
FR021524,0.02017632466166889
FR026221,0.0036704890065255486
FR025739,0.003720473318340618
FR024283,0.04175479219202115
FR028196,0.000765265213794499
FR020932,0.010182931265653013
FR020527,0.01846455731401818
FR025506,0.017526412680895172
FR022260,0.0063171253689627725
FR025478,0.003891370528592262
FR023307,0.007600874108560124
FR030718,0.0067143695595896875
FR022580,0.019280104097171416
FR031477,0.018522851818733685
FR030210,0.018511905704219626
FR022912,0.01407312070904146
FR021551,0.004372695467725952
FR027168,0.0038430644727877827
FR020471,0.009233168360587605
FR025779,0.007434939595051631
FR024774,0.003348911985349709
FR024964,0.6455263605976382
FR025121,0.011364728601063648
FR027940,0.006178943540206471
FR027657,0.0030889118059506332
FR025165,0.0067196539684221184
FR028298,0.005238674851652467
FR022807,0.039990895335962486
FR024855,0.0038567298707995164
FR020821,0.010132759115148975
FR028578,0.04108799519686765
FR031330,0.0038569108314479464
FR023252,0.04661015532288237
FR021763,0.005399627835502284
FR028063,0.0035564177010345404
FR020192,0.00022123919808102904
FR022899,0.010554152799888084
FR025570,0.009766448174928685
FR022189,0.0034617846467204704
FR030377,0.027700043129802447
FR027423,0.00465011136132839
FR029553,0.01286661352538426
FR021099,0.005256787424818924
FR030705,0.013366734969712218
FR025641,0.00743303548159145
FR023134,0.024523383259960334
FR022398,0.015302678263881478
FR020059,0.025054789492863157
FR023224,0.003678679733280905
FR020501,0.02793195813513463
FR029186,0.01172357692487467
FR028635,0.013010016132580543
FR021108,0.009106823230784166
FR025016,0.005058657546716724
FR022934,0.016661281591189733
FR020350,0.007614875331290787
FR022622,0.0034066863482266753
FR030085,0.01640818494255916
FR021945,0.0051064925700121345
FR031801,0.001853208250683798
FR024274,0.0009749363457064185
FR028546,0.00751224163211416
FR028528,0.0034133848861420115
FR026652,0.020570880274095493
FR029061,0.01696575695795775
FR028206,0.07428170349913565
FR026399,0.007571580613271128
FR022948,0.006979471335518161
FR023717,0.002836534199954166
FR020519,0.003056176674693436
FR030419,0.0033258040390075115
FR026854,0.04104025134180349
FR024170,0.01780852178573897
FR020609,0.008583493529922031
FR031129,0.007213321511394872
FR023519,0.0070422302562923415
FR026782,0.007127234278404896
FR028300,0.0023149970550916292
FR029227,0.006159489267827841
FR021776,0.00808546581672707
FR025183,0.006539011682835311
FR026422,0.008563487307547185
FR021244,0.005984363821973004
FR023864,0.00805409128478307
FR026187,0.013588861340598406
FR029751,0.007751248810731405
FR021233,0.005204695829011738
FR030395,0.0033870729698057688
FR027692,0.014934487669142916
FR027379,0.008074303075598966
FR026306,0.003935772936118316
FR031983,0.015288165179250824
FR027685,0.0017355583709222117
FR030649,0.03887228732030839
FR022089,0.003564281842030481
FR029241,0.02688740694671664
FR025320,0.007978755952668828
FR024088,0.009298758411056145
FR030884,0.002668815018474898
FR022957,0.0028847120120153
FR027241,0.01475350108846079
FR022879,0.0031736570918756836
FR022746,0.01787736489798809
FR026293,0.004867914379488407
FR024674,0.008506270622522683
FR020912,0.004557086114020856
FR027228,0.01290024369547048
FR021429,0.008802369310129862
FR025610,0.06285804772957021
FR027264,9.967356036106922e-05
FR029547,0.005056236771909199
FR026942,0.00556866849558042
FR031778,0.009759623740707633
FR024229,0.006357484577560054
FR022680,0.012482839231683182
FR021466,0.6273542614038953
FR030039,0.0035698158357982627
FR024332,0.010799938312167764
FR023748,0.009100747990483502
FR021126,0.0004452993606277444
FR028688,0.0042607056627189345
FR023788,0.0011194542043476718
FR030345,0.007999672728986402
FR021517,0.004328922776974949
FR025033,0.019122220018929208
FR021367,0.0042992523530566195
FR021862,0.005054268331671978
FR022539,0.0032833182926429614
FR028510,0.010365728229366674
FR024426,0.0040214910755427815
FR028071,0.007390378771438556
FR029795,0.005756070856066079
FR020205,0.004784202888189172
FR020959,0.025911220480980535
FR027057,0.004867320651203667
FR028901,0.007698040294551917
FR022873,0.017998086353654227
FR027476,0.06418345242285434
FR025588,0.008274038565408853
FR030198,0.011175711175266643
FR023966,0.0007051769288276492
FR024298,0.003854124568805273
FR023177,0.004879370183603297
FR026053,0.004297539952644567
FR025873,0.21809208252024045
FR023333,0.00726170765344874
FR028085,0.0005889871724087754
FR023794,0.0023249997046902496
FR029203,0.00032314390250679376
FR021095,0.0042965297044875676
FR024192,0.0008921936637398636
FR028429,0.008425454216088828
FR025627,0.004144068524797719
FR024459,0.010258603584247164
FR029347,0.0052928165073181915
FR023698,0.004761145247733558
FR026546,0.01148641144390605
FR024077,0.009874812989797425
FR022568,0.003359072155164554
FR026055,0.005935290487465538
FR025381,0.006833596904236751
FR020210,0.0052819344808658335
FR026620,0.003325609820648366
FR029595,0.008975268012726379
FR031120,0.0053550304408701566
FR030811,0.011095911867121838
FR024837,0.020671973752445574
FR028404,0.006337372656500327
FR025346,0.01837676331336194
FR021489,0.0010863263587245298
FR020262,0.014310076165892935
FR028682,0.0021985964057594882
FR020638,0.06557865924274146
FR020531,0.07932078218999881
FR030874,0.008363865079114142
FR029928,0.013058164299290855
FR021311,0.01906285517036979
FR028660,0.012458677435617647
FR031292,0.014170952122814983
FR020329,0.006026224914588978
FR022980,0.005709092847587596
FR027297,0.020373141330889428
FR030616,0.007831968551359468
FR026378,0.02442065486028189
FR027333,0.004714876329353642
FR029850,0.00887477901102443
FR027331,0.0033958606790261588
FR028090,0.03374429881785291
FR028358,0.005755323534620468
FR026103,0.011183927775864402
FR028750,0.009783072125102037
FR028292,0.003374810319630175
FR026437,0.005095646218682188
FR030776,0.003699983293172084
FR027782,0.026723555463503204
FR023894,0.0024277861609257397
FR024638,0.0065749883544754355
FR023777,0.017201812590743167
FR029416,0.004891583460596843
FR026417,0.0322409951108241
FR030809,0.007134682399947699
FR028346,0.0018643594037072017
FR028933,0.0041516275051774534
FR031122,0.001397206163858036
FR029551,0.02437349474721006
FR029804,0.011844025102117446
FR026341,0.000440665212018773
FR026538,0.03178781257182686
FR025548,0.007956343380274717
FR025716,0.0041633625557185965
FR025005,0.003967683058947075
FR025330,0.002045628229527691
FR026151,0.007919188155512943
FR031852,0.01457736086862743
FR025628,0.008569130058886494
FR028897,0.014248236457179176
FR030046,0.005237867435462603
FR020889,0.029359133625655665
FR027809,0.0014623008879477727
FR029832,0.005857070669679018
FR023474,0.012695832838083272
FR031851,0.005348292095705941
FR030680,0.0034357641361488656
FR020579,0.004264892745275656
FR026688,0.019318549672606662
FR028234,0.0021990387401822514
FR020330,0.039643999337074826
FR030508,0.025277013615541057
FR022804,0.4701406799605804
FR021266,0.019415435585662107
FR024208,0.019445570549386008
FR031730,0.019302853523738436
FR031195,0.007362844539514125
FR026251,0.008567727597164369
FR025224,0.003846205290371095
FR031670,0.002644423215756648
FR024911,0.01832377621220135
FR028412,0.02070570821228712
FR022649,0.00021367677588438714
FR029029,0.00415051265922233
FR022631,0.0027345850533712726
FR029982,0.04795537490097456
FR028431,0.009577084727327935
FR024442,0.005794549933745561
FR025198,0.46166506887821995
FR027273,0.01727448976921116
FR028674,0.016093334339632885
FR028888,0.004815932378657991
FR026142,0.0229770728355168
FR031348,0.06672189000661434
FR021755,0.012226686613024373
FR021127,0.004733724135836893
FR031472,0.0029455109901107457
FR026367,0.0014995192299462816
FR031064,0.01288423439108923
FR023230,0.005586561355104853
FR030328,0.0803614315787028
FR026931,0.003666571104291207
FR026889,0.005091459082926852
FR022703,0.00898775404445188
FR027841,0.02936275586457761
FR030777,0.024680515961361817
FR031942,0.000801932887617348
FR022121,0.0032366771050460377
FR028845,0.026700889136787646
FR027340,0.02587629440380458
FR023730,0.007782651557339462
FR025941,0.002134743741922511
FR025454,0.00537291252202263
FR025139,0.013482813106094761
FR022464,0.00555900699372363
FR030281,0.02691250963398052
FR022164,0.01958515810487341
FR020995,0.011473102142964623
FR031530,0.00867851712232684
FR022018,0.030600243208584805
FR026028,0.014362698286625147
FR021363,0.017114074930115946
FR027031,0.024603859489524652
FR029228,0.005551246010154865
FR029569,0.006670181468655877
FR024235,0.002561879993424266
FR025504,0.013662726693603904
FR031059,0.24155839151352357
FR027079,0.0679475672203279
FR025490,0.007775334942514941
FR029066,0.012987814602435322
FR023802,0.006900253052217094
FR030795,0.009258987646788222
FR029675,0.013658210577131253
FR021036,0.018306616188735074
FR030852,0.025095626545989222
FR026722,0.005863877864961581
FR027664,0.0042474264537963715
FR031287,0.008132867532800441
FR030881,0.004025214512913873
FR028122,0.00694632423516956
FR027510,0.00037333123647063026
FR022346,0.0029773900626786733
FR029163,0.009946151127765923
FR023541,0.16903052781337727
FR020220,0.008540183437972202
FR020649,0.003297987601562326
FR024711,0.004864501491928859
FR029799,0.04058597563580503
FR024597,0.006993164919757217
FR029760,0.006501299944224563
FR031673,0.06476893442041226
FR031413,0.010556095460851149
FR020292,0.006450867746636554
FR029538,0.003324740822307994
FR028302,0.004817995499573046
FR022506,0.00010636938789542033
FR021923,0.0025072222801844108
FR024392,0.007720793323980106
FR028522,0.005912975128948434
FR021785,0.02950628624935725
FR022457,0.017898099130675825
FR023136,0.0034341277207987227
FR027663,0.005379416093909984
FR023538,0.007246919576684184
FR022751,0.0032828452127999746
FR028738,0.010845452987488808
FR022093,0.006094125467106743
FR024708,0.6094716167460283
FR025301,0.01054515247987269
FR027882,0.021433513847357245
FR030030,0.006931109569747095
FR029742,0.0010410362905007356
FR031522,0.0031468783852289174
FR023448,0.0073590220837384725
FR022154,0.023763965535862932
FR031458,0.009263621212305872
FR026296,0.005761487369826382
FR031061,0.005038173723743462
FR025413,0.009010049258223827
FR021573,0.007125252831952222
FR025472,0.0021672041155011298
FR022039,0.045940386691683585
FR020068,0.016203775508721496
FR029995,0.004323004207241376
FR025178,0.010231324996502403
FR022924,0.11651597284394542
FR020324,0.006682617249054701
FR027781,0.005006165930287738
FR022717,0.004982072204813829
FR030446,0.006712212991652716
FR023645,0.007659679215403697
FR029698,0.013056075276153555
FR020615,0.0069714035455556685
FR030779,0.0067661943257465735
FR023105,0.0066541963493758245
FR024318,0.03880709018309162
FR026147,0.009479430968838907
FR023432,0.015886763536808353
FR029101,0.004076964643210679
FR029651,0.0018609012828927965
FR025010,0.006108923682997979
FR027583,0.035742076631216056
FR026928,0.004642360632341435
FR030181,0.011180469732685517
FR021221,0.003272007932480146
FR027862,0.0021313167482056045
FR021759,0.07836450077030953
FR028822,0.012961287736040578
FR030201,0.019661590953867755
FR027005,0.0042647966476605315
FR025736,0.006290383092332902
FR021772,0.012216381070793399
FR021231,0.007501469819101918
FR029175,0.026218608108952306
FR022876,0.008603822558784753
FR020194,0.008678707893589837
FR026150,0.030180002138014386
FR021652,0.01667527566924345
FR023197,0.004129622315683886
FR022803,0.023373671765899127
FR031126,0.010899833990383051
FR027966,0.006266605820493987
FR031495,0.01451619869855273
FR022369,0.008459689938381287
FR022921,0.01648691347796844
FR030910,0.006185407753846515
FR027983,0.005591426936593523
FR021453,0.006486242082653677
FR023429,0.011796956798204548
FR026245,0.0072262715980775175
FR023232,0.004752193859079503
FR025831,0.06413909112050535
FR021920,0.007397349628984185
FR029711,0.01671098054663463
FR030461,0.004877559681891349
FR027769,0.012473061504746932
FR024060,0.00652421621259625
FR021488,0.005785435998404432
FR028746,0.027145182933172873
FR020587,0.0047482479140550085
FR026000,0.004024335107490438
FR024245,0.0036057456290441267
FR026817,0.10858171657258496
FR021640,0.0004102547134243167
FR028889,0.014154678047691462
FR026785,0.005300358274657053
FR026135,0.0002429288141201464
FR022942,0.0037211874572393696
FR022300,0.00897498287077874
FR028008,0.006891833276884886
FR023188,0.018920366183888947
FR020307,0.028505240788432314
FR025632,0.013840848004383483
FR024137,0.01080553299853584
FR030576,0.006018881256616723
FR026598,0.005269879972651406
FR020322,0.00913634063003008
FR031655,0.09852609856111084
FR021792,0.025394354160513107
FR021817,0.0806058007063217
FR027077,0.011016457396000802
FR022898,0.005779356239103962
FR028178,0.009049869192444781
FR023090,0.06702853872717161
FR028831,0.0020803226730668647
FR031285,0.007454577509116564
FR028581,0.005504925941988207
FR031758,0.01924459935966011
FR028675,0.015895409298154736
FR028768,0.034541249002753516
FR031384,0.002082469117463121
FR030676,0.05300931790316716
FR020063,0.02916815892567608
FR027148,0.0025935116357191654
FR022059,0.01263747760369613
FR020120,0.02802595522073599
FR029345,0.005173253395149743
FR029613,0.007406138290837657
FR030870,0.014641069572288383
FR028895,0.05766148729880383
FR024221,0.005768224818674003
FR031069,0.07236065126963794
FR029882,0.022672629113726462
FR023992,0.025362746661690815
FR022972,0.1919873800316724
FR021195,0.004585744194023684
FR030546,0.01861368770408478
FR025128,0.00852438543350363
FR028856,0.005709544857265912
FR026792,0.003745772179695813
FR022935,0.0075031821471375285
FR026895,0.02220643304531118
FR028716,0.007958764864485419
FR021947,0.0453538364181517
FR030068,0.0002092198273780615
FR025433,0.006518149617513493
FR025605,0.01756004533946987
FR030214,0.007105509688870501
FR022846,0.004845210981591827
FR023688,0.002634375154185107
FR021803,0.7922558611535907
FR029440,0.009215125118377167
FR030154,0.004513653124885782
FR027776,0.0024139895977971708
FR020929,0.03395183363926942
FR022014,0.003169424834311015
FR021412,0.009516158620220509
FR020008,0.009393489967573583
FR021224,0.006048611621931086
FR022678,0.04619492037108604
FR029086,0.0032048601992836394
FR030815,0.013560481225391512
FR027761,0.0071020581942149085
FR030212,0.009252963494356389
FR027242,0.009890275619005118
FR031508,0.014379744162671713
FR023916,0.029049036400500706
FR026068,0.009019478703352847
FR026089,0.008749041225618334
FR020157,0.20431761084702546
FR023297,0.02323318324993947
FR020634,0.04440797245654332
FR029532,0.010123942304359186
FR029927,0.004740116990664088
FR026211,0.006779265681981797
FR023752,0.009380519314103318
FR028805,0.008099025318315672
FR021029,0.02335003577086639
FR028530,0.008049219024893505
FR024295,0.049499230835472065
FR022522,0.04115710186633684
FR020884,0.0032760102655531777
FR021051,0.002523179480096218
FR031459,0.00456944753798472
FR027986,0.0018846967301790565
FR027027,0.1224643290349747
FR026962,0.00922220857546484
FR021536,0.012991843315276865
FR020258,0.016001801360369362
FR030449,0.00257063070068472
FR025786,0.0053696407572584644
FR025438,0.013206522377789291
FR027834,0.005487953889579668
FR026744,0.034634609663492646
FR021719,0.0035906506501888237
FR026896,0.005991699120466696
FR021082,0.01091860492502162
FR028284,0.07723372738654645
FR031307,0.1416554008617647
FR028202,0.006278848455527854
FR028080,0.04222388472321395
FR020813,0.014460840596539687
FR027571,0.009760304998390635
FR031908,0.01903558101929874
FR020040,0.004131049105685033
FR024154,0.0026575162766185336
FR023647,0.012229694467399762
FR022180,0.005883200773454925
FR023192,0.0029991560748812715
FR020607,0.009693556208788185
FR025493,0.004385824520513906
FR022052,0.008128245256194298
FR028954,0.00547050583034523
FR025501,0.0023299654756444204
FR024846,0.0036361372324911867
FR024303,0.010034972853463057
FR027984,0.0060088611325809695
FR028045,0.009530982817184525
FR021398,0.00600265715752512
FR028172,0.002311078758242262
FR020380,0.5321703929037385
FR027473,0.005840539111219853
FR026198,0.0023064216183438834
FR024773,0.029710641474334564
FR028870,0.0025581997160855773
FR028852,0.052348214964236923
FR030653,0.008322493466556337
FR026735,0.0021698853363964275
FR024233,0.010528060344890604
FR031409,0.031339120838788606
FR022708,0.6436656999947572
FR030373,0.010028646645839905
FR029072,0.03590481528512907
FR026701,0.04418371048605016
FR026626,0.012316654468168292
FR025718,0.011935367508399594
FR020870,0.06612242583583419
FR022966,0.04346518072741658
FR027293,0.007640857926415666
FR023533,0.004533339691875637
FR028946,0.00855946212206026
FR023924,0.005881984197556906
FR023240,0.004078726939687576
FR027920,0.006052696599162165
FR025291,0.00611230955362251
FR023976,0.019217766469935924
FR022383,0.006177211566885241
FR020298,0.006408275318730568
FR024115,0.0001487011694150298
FR029039,0.009338875383550695
FR024247,0.05704912922841026
FR022914,0.011533146092743167
FR025375,0.19079818929784234
FR030675,0.047336181457961854
FR025407,0.00454725910286484
FR025044,0.012726651650462873
FR030205,0.06039136841967555
FR021066,0.0037696403037936446
FR031447,0.017921450782581227
FR031081,0.01243550938198305
FR025976,0.0008066282842837647
FR021054,0.0043039023071068105
FR022795,0.0047066001405946896
FR022767,0.012650226866285214
FR026153,0.008774042447191576
FR023098,0.008708223524679528
FR028862,0.003161851681926364
FR024540,0.03948446661082716
FR022877,0.007462957497199907
FR024652,0.049089185080071075
FR030631,0.0028567341017450686
FR026867,0.0033833875287758637
FR031128,0.005714796106152701
FR030545,0.019031320407388926
FR029139,0.004912375495303361
FR030775,0.018292827970375455
FR024385,0.037348047731956296
FR031747,0.006672532574746453
FR023397,0.005940294486213843
FR024019,0.004717609569535544
FR030102,0.016880785747307222
FR024015,0.004796212636563152
FR026647,0.00012499517134737656
FR025357,0.007766921495035529
FR028195,0.13738173583629293
FR029798,0.0022752136041199913
FR031823,0.009686950403025878
FR028588,0.002969016486177251
FR022500,0.003375985308024031
FR023594,0.014805479457528756
FR020372,0.0044909240345852985
FR025935,0.004682349956928568
FR022844,0.00905314222529891
FR021819,0.004536317716597533
FR027621,0.013085616440088994
FR030535,0.005137182970140374
FR024256,0.011007759391514499
FR020418,0.007129050451375239
FR030844,0.010408392455862841
FR021863,0.002283023271031142
FR024477,0.002484775245579687
FR026947,0.0025458727571411764
FR026395,0.01531877253035912
FR029455,0.0839571920425569
FR026174,0.015905643860009807
FR020535,0.21794539243638705
FR026544,0.0046712847732577915
FR022064,0.009070203612850589
FR024370,0.014711320577838787
FR029803,0.016201552856080343
FR022126,0.006034666333898994
FR030490,0.012373754192160276
FR021557,0.032415311865426163
FR027741,0.0024160424106460265
FR022090,0.002904261335315026
FR021746,0.020719507460328815
FR029721,0.007293253858885261
FR024232,0.02337959174798419
FR029954,0.016592521411788057
FR027382,0.007129413326002769
FR027640,0.004511650084820908
FR031280,0.0023822498244043594
FR026747,0.002646960363285906
FR021314,0.010965920474290158
FR027310,0.02237747329948272
FR020487,0.014780941563307785
FR021064,0.013150307228778468
FR026862,0.004075722978568089
FR030671,0.01387003495657505
FR022312,0.012515480158042849
FR027501,0.005446072423586292
FR031402,0.009763593683319095
FR027246,0.012770766731421964
FR026280,0.0024971612037948334
FR024501,0.025240420763270096
FR029535,0.02879079687192482
FR030011,0.007386431287574037
FR021124,0.002343348741109367
FR027028,0.019301368047642445
FR023027,0.019154259807436798
FR031711,0.01831468039958692
FR026177,0.009887458669853239
FR025618,0.005174267190032605
FR025817,0.004626938879344376
FR027844,0.006790563335762031
FR021134,0.00716535588760116
FR027786,0.042875841960949665
FR022868,0.7858768364421823
FR026558,0.005663576219926457
FR022306,0.008843612836165794
FR023640,0.005593081119192187
FR026638,0.012262062224422238
FR020622,0.0030494452908738667
FR031740,0.23741194031209387
FR030871,0.001642424223790264
FR028432,0.003255780295632797
FR029548,0.0071718561393057075
FR030840,0.006898464224687399
FR028297,0.03936028002826011
FR020434,0.011144950875337014
FR025662,0.0134802557603032
FR023907,0.00034583990602631915
FR031197,0.009329640073300293
FR022543,0.0031915339461147767
FR024366,0.007081863045657616
FR027036,0.005464017058737377
FR028459,0.012065457752065769
FR024918,0.0056998580152550615
FR027050,0.05169329558037211
FR027815,0.005634150950033967
FR030755,0.004468238733785574
FR024524,0.00466123908315312
FR030771,0.015200126205495053
FR023537,0.042645749835305745
FR020119,0.026071048219547793
FR024482,0.04084900907283511
FR022557,0.008604580244063529
FR025104,0.00573204005420955
FR031455,0.00997038327272742
FR022371,0.0010272195903420838
FR028222,0.004347720176105675
FR029588,0.024489846156520896
FR030698,0.007050801783150349
FR026523,0.0028283176621260717
FR024312,0.001981868387878461
FR031364,0.01036359251990655
FR029212,0.012335521454898546
FR021405,0.004471165558854344
FR031736,0.005486878765012689
FR027270,0.008785414424198496
FR031657,0.15119550114406047
FR031970,0.013956619481487671
FR030681,0.003483068478846442
FR024478,0.00937823364525294
FR030387,0.0032056127402416003
FR021665,0.009681877529088076
FR021286,0.007824005994551249
FR023284,0.011209259893085173
FR025426,0.02461045330751746
FR029443,0.02244792729635397
FR031380,0.014352649901402583
FR022131,0.008548374324431866
FR024452,0.02970951549793831
FR031594,0.08584761618037608
FR020373,0.3901758695960673
FR030847,0.03658229377664144
FR021028,0.005937648813578817
FR030126,0.02502193585294506
FR030402,0.0067172950579623145
FR028121,0.010370000593439328
FR024266,0.0004262670090270594
FR031381,0.00646232332227624
FR028661,0.005748389479448807
FR020427,0.00685617547383886
FR026287,0.02189324859608059
FR027139,0.1215555361351991
FR020794,0.022774294049002757
FR027880,0.018576305111284202
FR026595,0.028772957581518106
FR026723,0.004679895707151856
FR024615,0.0011029702338286775
FR023923,0.006433734917280702
FR025399,0.004506880101644674
FR021694,0.004644945367141004
FR030444,0.010539208817763183
FR030307,0.008425741809708625
FR022016,0.007540743932784644
FR028301,0.0024159053318872545
FR028492,0.003436698200161765
FR021258,0.012303272094172792
FR031415,0.0028956474280069132
FR029719,0.030350157273542466
FR020664,0.00020577097088091327
FR029786,0.006115543464931236
FR023511,0.04614363689262005
FR027661,0.013605065878677075
FR024389,0.014493677394202818
FR025286,0.030581114800369694
FR030462,0.03266651429815908
FR021423,0.006476924843952561
FR028525,0.017704524563244055
FR024737,0.00749728078520765
FR023024,0.005820342974135666
FR026238,0.008055828393563712
FR022595,0.013076798120566889
FR026358,0.005418140325960795
FR030258,0.009680986400853813
FR025514,0.01011726333758675
FR029187,0.0003496522072103108
FR023971,0.021670679765549285
FR026116,0.00500081091859639
FR026650,0.012009768505902784
FR027326,0.006701681466860736
FR029382,0.026151583233379152
FR024820,0.013960253621165666
FR031957,0.011799091002834905
FR026827,0.006966894932635196
FR028007,0.009495128526206285
FR026825,0.005712810453381715
FR028745,0.03839624357776496
FR021888,0.009147357216644263
FR028013,0.009410787514142505
FR026178,0.007885150421289549
FR031807,0.004443727039231848
FR022234,0.016540847834928454
FR026713,0.002641342166890383
FR021499,0.0023346276424521077
FR025760,0.00879391101615691
FR030138,0.024344462975785235
FR028113,0.7992252354092791
FR024388,0.014542079567323795
FR026988,0.011189627526794255
FR027442,0.00696939482057988
FR021931,0.0038934701633773876
FR022233,0.03874740713219664
FR026057,0.009982827762857905
FR029070,0.00417114471050544
FR023076,0.01699530800022073
FR026697,0.008417256878628482
FR025031,0.007054774622047839
FR028117,0.06411957453802712
FR030247,0.004045136276734502
FR027845,0.0035921102107371664
FR021069,0.015658963996911756
FR023418,0.030929054099555424
FR029924,0.01806092308647509
FR028715,0.003180579427725078
FR026930,0.008785917703937576
FR031151,0.005302217116221225
FR022660,0.01268284564121118
FR022015,0.005024648769887313
FR029079,0.010879334031723639
FR027363,0.055540944212543866
FR026291,0.017901575730216907
FR030728,0.012098678005894956
FR021135,0.004365042709672326
FR030134,0.01660649922398369
FR025264,0.005048820692889108
FR020511,0.006236330698863283
FR031985,0.0027588933169702444
FR022567,0.022122179896319278
FR020335,0.012566124366619219
FR022670,0.00887103187361658
FR024083,0.018690814550187524
FR028388,0.007971500822510231
FR020482,0.0728005877903189
FR022475,0.0029604923894120468
FR025028,0.026062841020337468
FR023294,0.004888549804914981
FR025395,0.0002777222420084799
FR029048,0.008685332079926627
FR022518,0.029611257337999377
FR024880,0.02107277770105623
FR024132,0.01568502253790208
FR029625,0.00301031414035144
FR028066,0.00702844147044691
FR024876,0.004420670156503414
FR031198,0.0065617982780524385
FR027647,0.008583838319728754
FR020538,0.007327831829414232
FR025332,0.011922447927372834
FR031121,0.005477576009081935
FR021142,0.002575756199850668
FR022210,0.010101160811183531
FR030041,0.02475296443199842
FR023054,0.00021359921742297342
FR024184,0.003628498403576111
FR020295,0.013069838358590078
FR020522,0.00023255935639249103
FR029593,0.003076331284821233
FR027539,0.02991769465836022
FR023125,0.004210595552717993
FR031850,0.004477338704898887
FR024732,0.02472604083724293
FR029730,0.0021717446886349266
FR028177,0.0035501931038617175
FR025855,0.012108023495496287
FR029310,0.0004969832545550416
FR021143,0.005527535346927556
FR026435,0.02222036253274062
FR030274,0.014580929908789985
FR027955,0.008016364381068137
FR031442,0.003224743662292398
FR024450,0.033040052127707095
FR024842,0.035999461200198285
FR031328,0.003633430043248313
FR029610,0.05532338392604087
FR020193,0.025003562684440005
FR029115,0.01800160139434781
FR022722,0.008941730256224358
FR027628,0.011184031642486684
FR024200,0.0013972528384116629
FR029022,0.0031941391810105585
FR024682,0.009959056491549616
FR028548,0.012266248792808443
FR024866,0.00419705293012199
FR028313,0.01047697834111277
FR031748,0.02274114013704838
FR031341,0.003933384971667202
FR025156,0.0038889952216890054
FR028919,0.00884072465584813
FR022636,0.0032116964995985093
FR024530,0.018917133221653257
FR029933,0.01212062307271844
FR023590,0.02020093308385115
FR026108,0.0037668417202872226
FR021933,0.015073943788804002
FR020269,0.004559246568360507
FR024593,0.027571788564661123
FR031188,0.031309655901340924
FR025240,0.002009807027563762
FR023523,0.005852001279390625
FR025218,0.006602444487071496
FR030969,0.004183905532917501
FR024913,0.012168564770631983
FR020729,0.012534781136502502
FR021165,0.0050802624540606765
FR023217,0.007677899263539926
FR029446,0.010091217333664729
FR028630,0.0025794612222534864
FR026022,0.004465320863205602
FR025849,0.016155115027649967
FR022917,0.003417699653158678
FR025574,0.0038280299057908604
FR029409,0.006913786311889458
FR023574,0.009417786111551007
FR025404,0.023738345020111948
FR028310,0.0504768736907518
FR020354,0.015307609980923011
FR021612,0.0063575338667764
FR023273,0.003997267913617935
FR022907,0.008321523435758713
FR021669,0.004706374657134034
FR030390,0.016967106620290676
FR024143,0.009949178732289381
FR025378,0.014607067626723848
FR020777,0.059271896611035234
FR023144,0.014800446761387809
FR030020,0.008406040648227022
FR021334,0.07644672980862102
FR023817,0.009824266620212798
FR026421,0.008998774632070333
FR028472,0.013402056761608657
FR026682,0.003537230522290438
FR028569,0.002573810521989424
FR031999,0.0004679922984115851
FR029815,0.002491459556640114
FR026218,0.03089093788869827
FR031871,0.003145838436428481
FR027191,0.007905439112436557
FR026670,0.006807177475444461
FR027843,0.016558490160081107
FR030356,0.003358021651140488
FR021761,0.00615816690509521
FR025092,0.11147188971281365
FR023860,0.0019793268579822955
FR025539,0.007691861470000974
FR025815,0.008872672610295746
FR029486,0.003928612513697214
FR027655,0.011834381044958575
FR025689,0.005902796120591908
FR021188,0.010070498098474587
FR026548,0.008857748896463784
FR023724,0.00487832179497134
FR025552,0.005899486728630913
FR020143,0.00666694080769931
FR024560,0.010016776023733008
FR021035,0.040999421649324935
FR022474,0.002932065208910591
FR028801,0.00981070965627733
FR024033,0.018582323523057668
FR022087,0.0027310813377937463
FR026997,0.0019237479326522564
FR025784,0.009208902577809151
FR025525,0.008608956378308927
FR030013,0.007846907985164341
FR021809,0.09669571613537682
FR023580,0.0021380447408842
FR031685,0.01883100252279975
FR021474,0.035162200350535085
FR029959,0.010691984184544938
FR024180,0.012664412758000421
FR031583,0.003263593816672458
FR020997,0.00670123852105679
FR031987,0.007921438949835642
FR021703,0.10674312557256604
FR031513,0.007487177762503997
FR023922,0.05309551719732251
FR020083,0.004479277195723584
FR031143,0.029423783955191265
FR020672,0.042493353330544596
FR030220,0.007563390640588417
FR029242,0.020628462371055287
FR024923,0.0041494899716943475
FR024236,0.06429173460546007
FR023884,0.011788407735033195
FR029279,0.0024523512358958052
FR029828,0.0033868815443648267
FR025235,0.03270559337121443
FR025103,0.0005176556070475214
FR020871,0.10168257593806415
FR027507,0.0076729350194306494
FR028677,0.004651103323433161
FR020653,0.004655967660591207
FR026828,0.004817570839349053
FR029331,0.0027157187186095345
FR030080,0.006077454513854288
FR024690,0.0565981423559749
FR023885,0.0063533476701734
FR025250,0.011170230528935744
FR026778,0.020033021582754704
FR031686,0.005310917680081079
FR026649,0.004102998574311785
FR021729,0.0030853023592808462
FR030608,0.020274345354480413
FR028991,0.025687167015188174
FR021279,0.00047521339470544546
FR026182,0.007099493515220545
FR023108,0.004385344781469116
FR026901,0.015579404631135083
FR027715,0.005038330088719443
FR020211,0.012894608001487727
FR031234,0.01753362707397457
FR023769,0.011508690887398136
FR022135,0.015415614217867768
FR023800,0.004417541851516526
FR023808,0.006534196502663983
FR025122,0.010875078049982966
FR021976,0.036496844446651126
FR023305,0.011288968762757569
FR027613,0.009227595529781493
FR031118,0.011422818143403577
FR022275,0.021702785857160328
FR031814,0.0006984516192880896
FR027956,0.00994773363915745
FR022843,0.023902630566359596
FR028736,0.009003796205152273
FR029211,0.12595045849216394
FR030320,0.005987842422860204
FR020250,0.009856110641891241
FR031482,1.355037531051231e-14
FR025646,0.013449060885898104
FR024014,0.007748871633092812
FR024944,0.002718352025128996
FR029025,0.01693770739254916
FR021291,0.08608594507558484
FR021505,0.01742202836378453
FR024185,0.009368684133049789
FR024588,0.021452260400953178
FR021702,0.006954482785817302
FR027938,0.015080685767057352
FR027625,0.029381998426051995
FR031512,0.007161052988245543
FR027546,0.013120238290054688
FR028434,0.004463536233702191
FR024984,0.005921359807781084
FR026373,0.010014029955462649
FR028057,0.002253792893457943
FR022809,0.23111251737686297
FR026254,0.018731719652859233
FR031359,0.0032184728081857896
FR022359,0.005086455050906797
FR027559,0.018167216965529025
FR027805,0.0019832862892488483
FR023989,0.027756706664474474
FR021778,0.006467747731038181
FR026818,0.0054591346686061115
FR029458,0.02322368145674406
FR031620,0.006039669667270831
FR021540,0.1573894983058125
FR025094,0.010772183827286372
FR031286,0.0003061041069337457
FR020943,0.005499924001910447
FR031139,0.0007327271862012051
FR024974,0.003396924010342557
FR028441,0.08379995543426454
FR028334,0.004059471608795985
FR022176,0.0048464112425461005
FR026471,0.02508396962267659
FR029696,0.04179762887653221
FR027279,0.0029180522821679955
FR030520,0.01616070726486764
FR026932,0.005640295881713688
FR021178,0.009891470954041725
FR026070,0.0046896682265441785
FR025797,0.004624208616413755
FR021514,0.03213326396529212
FR027947,0.010143100376315247
FR021217,0.01098862722488946
FR020506,0.021420575304703964
FR027414,0.03390401644249569
FR020489,0.010201811608930434
FR023639,0.008559374302955355
FR023463,0.009503030599574275
FR021806,0.04830755531416882
FR025248,0.006631146732552295
FR020392,0.01610611565782011
FR026259,0.01783182519968167
FR028026,0.0363833258411383
FR023005,0.014073831328800973
FR031606,0.0002136957757918983
FR029648,0.011733364070346116
FR024404,0.006687750137243438
FR025244,0.01098711093611066
FR027298,0.7843797552817776
FR020502,0.011116407432737674
FR026158,0.07982886758516308
FR023676,0.013042207553684928
FR031201,0.007159071307359456
FR030278,0.004745928280653531
FR022782,0.01024157563743492
FR024661,0.024419810258304885
FR029180,0.014450445034064638
FR022293,0.006531369048335249
FR026447,0.007408170391276171
FR031528,0.004354728189363058
FR023726,0.01982976965632911
FR027346,0.005546781701021403
FR031644,0.04410096838448024
FR024655,0.010773290794628094
FR029503,0.005356850310565006
FR030997,0.019966296853812283
FR026934,0.002523465628355163
FR029452,0.0029075031853710216
FR030192,0.046062776459654266
FR029363,0.01073066701492751
FR029872,0.006859731085333594
FR023847,0.005688492200577243
FR029085,0.5475143297572768
FR030954,0.015470358175534516
FR024050,0.04026504471826459
FR022455,0.007918422248418948
FR021414,0.01874451789042305
FR026639,0.009108772001331948
FR031913,0.010718810228603439
FR030403,0.003710299411176245
FR030231,0.021667335029847967
FR030026,0.0033539061812677532
FR024250,0.006877483392889524
FR020969,0.0172165957355803
FR024548,0.007734436588423806
FR028794,0.033034087071907636
FR031662,0.024498511828018685
FR024766,0.21649861075374474
FR024853,0.03955405519248918
FR026268,0.005941104244762305
FR027122,0.01365169877822738
FR024986,0.003008612490277536
FR020366,0.0009795541740960996
FR029738,0.024409565595116887
FR028426,0.01296145376654649
FR023959,0.0051528969858978995
FR020095,0.4720172969532959
FR021226,0.005373829669508294
FR031478,0.0003689730460275645
FR030758,0.40805240260154213
FR025642,0.00024122865878844325
FR020060,0.004419595802253042
FR023876,0.008140116444911133
FR024458,0.020170710128284544
FR022050,0.005155844198877917
FR030309,0.0014125556884233123
FR024018,0.00019255305463154677
FR030792,0.028190655491152117
FR028213,0.015264127898941535
FR030249,0.0037238683562676247
FR028871,0.0007209499176730512
FR030163,0.0060818204462782105
FR031149,0.2316445057414575
FR023121,0.006470918665882895
FR028422,0.007008669938704859
FR023303,0.013235996591351197
FR024373,0.008819908124115448
FR031899,0.05445399833570388
FR030289,0.05825300518993052
FR027820,0.031006445134487595
FR024010,0.008213438448698129
FR027155,0.0758030320971165
FR024490,0.004846863610483061
FR026202,0.007696107106312366
FR022615,0.10734445847688526
FR020723,0.0072323766903243285
FR026380,0.006034059745456217
FR030696,0.027358437433290063
FR031516,0.006152021361913039
FR031379,0.030770046945741078
FR023678,0.002520658829897521
FR022705,0.0070513291155891835
FR031551,0.005038786834646857
FR023340,0.00498266222428867
FR025789,0.0017808794415659702
FR026907,0.007106803093909255
FR020291,0.27044275194855905
FR026455,0.009507578753505956
FR024975,0.038803335301486115
FR020706,0.0048029645415779655
FR028625,0.051120941450184476
FR028018,0.12406150762485606
FR023229,0.004283015048223114
FR024340,0.0040468968023681705
FR022901,0.016173574212262763
FR029375,0.004936215202015043
FR030493,0.006398725262475844
FR021275,0.07410726530731286
FR025995,0.00643655412389954
FR025793,0.003536596625845227
FR024326,0.0002869512259674343
FR029940,0.003966295032493733
FR025929,0.008992562121064534
FR031808,0.005619676659305407
FR025735,0.010316290498401917
FR025821,0.00687981855365725
FR030515,0.0056435666824522415
FR023457,0.004189593267430185
FR025403,0.0034071190675810277
FR026224,0.03132220071963198
FR027733,0.00398390716813977
FR031592,0.007883821326475391
FR028174,0.0030823205746405547
FR024549,0.013241380720026645
FR026104,0.0037052783494252975
FR028580,0.0034631328532358408
FR028917,0.006539349637070609
FR026545,0.006069450092150589
FR029640,0.008643745890984662
FR026497,0.023847343058462492
FR024441,0.010833532676861324
FR026850,0.04338401815567699
FR022718,0.004310667996718448
FR029336,0.014502255985897217
FR022385,0.008911123603025487
FR020783,0.012179028505819424
FR030391,0.010485308501467965
FR022800,0.010448116188366321
FR027886,0.02620414560289574
FR022941,0.004238088058921266
FR023651,0.005135286111119551
FR021673,0.007897527875024755
FR031185,0.009282265456304194
FR029224,0.006567939326515164
FR021969,0.012202305658334536
FR025902,0.008741419332692239
FR025532,0.009459827039955048
FR028401,0.002814467310762602
FR030207,0.15609381943635217
FR026117,0.004399242159401564
FR024859,0.0052126800278174635
FR022784,0.007118275034566101
FR028898,0.04956845922642729
FR031101,0.06783543973622874
FR023633,0.02068713668808886
FR021983,0.004245263935287556
FR029529,0.02373976186011139
FR025191,0.003294355931374025
FR025678,0.0007912908200258435
FR031505,0.027884380911585804
FR028437,0.009838755706892575
FR028398,0.01009502485669714
FR028966,0.0026710306812741803
FR028925,0.010135349088670009
FR031989,0.003442772955160954
FR026407,0.006988650147229605
FR029910,0.012623591527884193
FR029120,0.009272493438732602
FR021677,0.008557559521626762
FR027906,0.019159264156028952
FR025971,0.00871863517534965
FR028631,0.01325173122289232
FR028638,0.002434659297659899
FR027086,0.006954720123014167
FR029456,0.00960086003592456
FR023874,0.02814586796316271
FR027049,0.00014216400904650117
FR021494,0.002875930515323926
FR027942,0.00040102691588161536
FR024955,0.021808497312295026
FR026410,0.009197285464584213
FR023163,0.003803082139219201
FR028761,0.0077052493878313295
FR028490,0.012590466486515866
FR030951,0.016794505200567567
FR026379,0.006254328291757674
FR026363,0.00018152014529739134
FR028673,0.0027834888715183386
FR026208,0.0002656672849234225
FR024479,0.00032091175357861217
FR026526,0.008515489519622756
FR026876,0.0005504402206487422
FR021274,0.005589271562039691
FR026155,0.10846435779224853
FR020599,0.007166990955719284
FR025223,0.019199994775698365
FR023205,0.0025506334845957525
FR022857,0.017941299417384014
FR024384,0.019552235088834465
FR026326,0.008041907033318415
FR028963,0.0016733181788196009
FR030673,0.003099560123396266
FR021527,0.01038348943717462
FR027458,0.009578628310854674
FR020438,0.0029202536349699436
FR020937,0.014153658695623907
FR024065,0.005981465889576341
FR023731,0.02437187526934456
FR024806,0.000574524371309601
FR023510,0.010707812939489709
FR027106,0.003715938807777064
FR024816,0.03634923146601868
FR021270,0.003548445834204527
FR020445,0.021716516227868837
FR025773,0.014692958502316044
FR021218,0.004614018569558849
FR021614,0.027188359586700985
FR021117,0.008064500720545422
FR031092,0.023530587678768356
FR023265,0.016545089119018447
FR027778,0.020571217911773614
FR021543,0.010923556553871625
FR022348,0.007468843871348901
FR026433,0.01780995808438777
FR027019,0.010801859781751084
FR025347,0.03235478753190264
FR029965,0.006498120950538377
FR023281,0.047332009467787414
FR023346,0.0031712355228055867
FR023244,0.003822758908479942
FR024098,0.018967801232791084
FR030234,0.014645216430690134
FR020896,0.007150107721681318
FR021897,0.008013303308529238
FR029371,0.011989025089984106
FR027239,0.02102778512033072
FR030833,0.011970747233181747
FR028215,0.006361079937336671
FR022617,0.024084384116946002
FR023981,0.0029713147756095085
FR021519,0.016712276227807847
FR021992,0.0021471284525147395
FR024451,0.0021761069594003544
FR022657,0.01054704366968338
FR031756,0.008711935755143379
FR031781,0.03138736069970117
FR027679,0.03186204976500094
FR026588,0.4517473158500384
FR026412,0.006232095991600953
FR031887,0.00418188936168053
FR027953,0.2743367520662387
FR022061,0.009947830223206422
FR030054,0.025776818695931736
FR023865,0.003292656634755113
FR028194,0.01386638187431537
FR020021,0.0037798307882821913
FR029868,0.02802857897819725
FR022865,0.006355975528951635
FR021649,0.005063716846618009
FR025590,0.007331175197756153
FR029688,0.006636761101593224
FR023445,0.02954986860649016
FR022589,0.006512940295924817
FR021520,0.003747228689404532
FR031016,0.00022481599698466204
FR029797,0.006400536234570096
FR020541,0.011494765639558754
FR020797,0.006267174267758053
FR026454,0.02851782505276217
FR024167,0.0035531055791475966
FR027623,0.0043491466031145894
FR030856,0.011781758204186072
FR027146,0.017908422390773192
FR026693,0.004897329843575238
FR024292,0.02650839431875611
FR020172,0.005573997442681901
FR029866,0.002991113084636147
FR023526,0.004389283346383696
FR030339,0.003024772012262111
FR023493,0.006450444756161901
FR022961,0.004310891805107517
FR024729,0.019594956822111147
FR023031,0.049897836866608404
FR025645,0.0026155205421844207
FR029387,0.028163136010221218
FR024779,0.013963767629393485
FR023042,0.046795082803779475
FR023183,0.017158728370008435
FR031481,0.009851527727159576
FR025586,0.027280401137734438
FR029505,0.002181804413654875
FR020737,0.006204964806754872
FR026066,0.0060727603088174325
FR022132,0.0007485535296140767
FR029392,0.018193057945758224
FR021609,0.004091027399921613
FR020791,0.010453472080298756
FR027185,0.0060987981785337545
FR025315,0.008780580318809246
FR029194,0.010752814384732317
FR022583,0.007133442688689588
FR028618,0.0018888029731331593
FR023743,0.00494536748200645
FR024538,0.00903768805238216
FR021990,0.004536655834484311
FR020786,0.015027590038461937
FR021419,0.006732449970121066
FR028893,0.011202479098849803
FR029445,0.010960662384128598
FR027708,0.02012484984712535
FR026499,0.003667921947077642
FR023757,0.003346142712916502
FR029262,0.37171772029793093
FR025386,0.00889268307124809
FR028649,0.0007239033358884612
FR022030,0.00438026637265258
FR031221,0.0050834678324012
FR023398,0.01347682101975171
FR024044,0.38565356071757745
FR025901,0.008599354434502635
FR031205,0.01031051645959009
FR025770,0.004487434368260208
FR024993,0.031579978994405185
FR024182,0.007882605179664453
FR023763,0.004364682789631794
FR027153,0.025228299835853618
FR020573,0.01760389535954459
FR028572,0.00286153092068661
FR031113,0.009751098068530925
FR031466,0.0054362850723603685
FR030445,0.003813410575682934
FR027085,0.00027322287919930087
FR026909,0.012086699159286694
FR026175,0.003678285232554985
FR022513,0.005532425095675631
FR022596,0.018233487044588777
FR028312,0.0005185435164178737
FR031299,0.018061250929084678
FR028339,0.004943935090120549
FR028987,0.0058480814277868725
FR026824,0.018005904725346054
FR026132,0.04435064213708639
FR025087,0.009052945388094905
FR021928,0.006715429240292964
FR027936,0.008493719543614452
FR023801,0.0031485827209342906
FR029420,0.016465894938367396
FR024701,0.009975303332548102
FR024676,0.004219077104018755
FR031698,0.0026932777408031406
FR031994,0.004595454019679818
FR029745,0.007662323674497846
FR030232,0.0061735914423721025
FR030944,0.01914047871778603
FR027187,0.0057487143239336545
FR025703,0.0053064751430453305
FR025463,0.006848685661990068
FR028210,0.013809972889630758
FR025819,0.013451393498641214
FR027396,0.015459735279150792
FR025340,0.003401721368740908
FR020311,0.003158891194996309
FR027868,0.013768704506459273
FR020264,0.01370727848193169
FR028996,0.11777376895022162
FR030485,0.010206296565742387
FR027695,0.0813507643840067
FR022338,0.0029606618983440635
FR023619,0.0023534230644004987
FR022963,0.00525370949533137
FR029794,0.013913149860896623
FR022374,0.0004939775213506553
FR024570,0.0013774625291999162
FR030918,0.016355815617812762
FR028747,0.009829208119450022
FR027222,0.009086155898633822
FR020796,0.005809121621354915
FR023225,0.01726608109466483
FR031753,0.013113247301865676
FR021249,0.005684495364945186
FR030872,0.007620005216432187
FR024794,0.05445896446837442
FR021052,0.0070083787748510705
FR025201,0.007821960813589546
FR024163,0.003443709731337538
FR029664,0.013146499981529015
FR022401,0.017707967452883826
FR030921,0.006070257504786328
FR029013,0.01695177642613612
FR031504,0.004651354821325465
FR027928,0.0034124029384325263
FR026038,0.05477648416743464
FR029330,0.003564252506746415
FR028656,0.006222440344136813
FR027316,0.005651194719887361
FR024753,0.03529981787281505
FR028780,0.00041539764731431664
FR022136,0.004932536887403956
FR025531,0.007507433681874813
FR027251,0.009543871525254915
FR024663,0.008334998291797598
FR030714,0.004579990014769742
FR031432,0.02184960417929391
FR025409,0.01430022721963577
FR024912,0.011677248477910993
FR027972,0.011750752774276297
FR024609,0.007322985518303535
FR021211,0.011009816640875414
FR030381,0.01958262092373676
FR028617,0.004033031611485791
FR030115,0.00557818306475676
FR021571,0.014928533802943005
FR023506,0.0035292410961177204
FR031372,0.006943555467228669
FR020286,0.004382184962347302
FR026003,0.00060467470706415
FR025339,0.30167408879767127
FR022035,0.004943150756170898
FR031946,0.004965574807745732
FR029605,0.007218389531710798
FR025270,0.005734374471551169
FR025527,0.00812172587824475
FR027719,0.001183288951250468
FR026521,0.004056717801164327
FR022669,0.010717637352172588
FR026655,0.10120022883407914
FR024022,0.005367169881551423
FR020421,0.00034749343229469666
FR027620,0.07820449968340888
FR022449,0.0059182128445084805
FR021671,0.00922400329802677
FR027545,0.006574295628710753
FR029233,0.0005791874610059301
FR026900,0.008245754747511463
FR022642,0.009333963032812318
FR020138,0.005017563263058368
FR026756,0.0033793248564047943
FR029226,0.0067938156649278315
FR024020,0.008095433373496923
FR029690,0.003710238372979314
FR031277,0.008902206482905269
FR024211,0.003985293461808416
FR030492,0.01277723857026345
FR029328,0.022961602631529115
FR021861,0.012610025746923268
FR022805,0.049325160530735004
FR030841,0.0101978630793959
FR021905,0.008545626617436124
FR029410,0.01026781634199521
FR028981,0.004199262504402164
FR021613,0.0035322520036226196
FR030097,0.043447845172640144
FR028640,0.02898706203775869
FR028498,0.028943692632165004
FR028709,0.008035095924366801
FR030005,0.007886678073952106
FR021358,0.006025173824706069
FR022319,0.057295958521265046
FR024900,0.00236982447784367
FR023440,0.004946607657590553
FR031474,0.007296625387746677
FR027161,0.008752185623962815
FR031861,0.006546655477030398
FR029282,0.011670017844062096
FR025949,0.00584314435438192
FR025190,0.008624913219948335
FR024973,0.2738144655347778
FR027397,0.0029738299426773267
FR020496,0.005251363815832522
FR030251,0.013443740959172027
FR025171,0.015010100941448178
FR027147,0.029349526537513496
FR023279,0.005495028055848633
FR029099,0.003332805567862235
FR021103,0.4931895184535147
FR029806,0.004474746988472143
FR021710,0.011998329924924164
FR027660,0.003651575287321072
FR020788,0.07047290579167517
FR031262,0.004076215942614935
FR023615,0.011608253539498719
FR028129,0.003598672444142234
FR020544,0.03834426714400977
FR024925,0.005518470723219713
FR020370,0.019192485663987017
FR025695,0.021712588652390778
FR028400,0.012251190983669792
FR031742,0.003432605127719414
FR030014,0.010887940344986994
FR031919,0.0031331340387964475
FR025566,0.0020443769089762845
FR025018,0.23297453014929168
FR020861,0.012169242181379783
FR022196,0.03276979252367137
FR029103,0.00028942863869017203
FR028290,0.005352716748483178
FR030049,0.007477104835701698
FR024574,0.007924381307589773
FR028347,0.02279396936435391
FR021100,0.002075614240534959
FR030440,0.020037217966801375
FR030063,0.007905369023306257
FR023409,0.0069760705621096375
FR027130,0.07432187299457552
FR023849,0.005714969156634069
FR020114,0.01294784014613414
FR021845,0.007665890193220883
FR027714,0.0026170621209562098
FR029036,0.015883090402591428
FR027996,0.03067151600325802
FR026260,0.010483357653347191
FR031417,0.032667579362433426
FR020466,0.004724922169775063
FR031796,0.015651776882964513
FR024253,0.1941704416012555
FR027265,0.010057587596719559
FR021155,0.01504125064449326
FR020641,0.005510657290208466
FR026217,0.0031331314848508755
FR030127,0.0073390800764732995
FR025509,0.019451581321277528
FR021495,0.006625162204998931
FR027443,0.004915540830809216
FR030482,0.0033146041908267416
FR020470,0.014342823953614834
FR028463,0.011933897107687823
FR023006,0.011540343594530392
FR025829,0.01188605865186034
FR030577,0.040283461378704546
FR022712,0.00748345221565289
FR025006,0.005338367004801994
FR031002,0.0046425095501386815
FR028377,0.005403557490827562
FR022112,0.003462555397599648
FR024840,0.010140105635694764
FR025685,0.02325523375275092
FR030825,0.005896362108754757
FR029889,0.0052812264987756935
FR024427,0.006734847325334951
FR031498,0.011769796855143117
FR020412,0.04632250687861197
FR029238,0.004602368991233454
FR021250,0.004288604937289446
FR031163,0.01463285163772628
FR031902,0.007743469261187198
FR026888,0.004064908868576296
FR028094,0.005176462981793026
FR022220,0.003014122109336692
FR024291,0.009389382379431552
FR028064,0.005083004129748359
FR023164,0.3145278832322592
FR023728,0.011202836212230238
FR030416,0.0064287825842590605
FR023750,0.014569834233839883
FR031515,0.055880486697966206
FR025931,0.02938284564924812
FR026727,0.005050901313381379
FR026470,0.0007287206250634666
FR022092,0.0059249184939256
FR022913,0.0061043599667079135
FR027132,0.006703057450981544
FR024998,0.02220854945674308
FR021726,0.01005176891534781
FR031940,0.04991564705407319
FR022981,0.004079080204240066
FR031172,0.008159225458719102
FR021882,0.010042723259864468
FR023708,0.017762847290889866
FR030156,0.004546713710811455
FR024264,0.0054090654830220046
FR023000,0.0038472190652075605
FR030552,0.02572250646788231
FR023720,0.026630762305215112
FR024410,0.0036149617937879077
FR024394,0.005972377033872197
FR031986,0.009651124958209968
FR022701,0.006464726005535285
FR025560,0.0039270389312019895
FR027645,0.03841936400502207
FR028124,0.01041238864480308
FR030069,0.004882990448577989
FR024396,0.017590282578835863
FR027686,0.0074430365931275905
FR020436,0.004430543727554021
FR023625,0.011277143117641877
FR023332,0.09157721370618017
FR022893,0.0038830867243420937
FR028403,0.007813106584064138
FR031760,0.0004374633535238792
FR026216,0.004575724902736513
FR030006,0.0034139848418801217
FR029112,0.01277947842036122
FR030029,0.00839280905959273
FR027925,0.008069071243971025
FR028395,0.003918747591007205
FR023116,0.00032093282714805297
FR026571,0.027858770611703186
FR023388,0.010960713775281735
FR029857,0.01595017725415832
FR028081,0.007462231351093473
FR030094,0.032175599920725315
FR022031,0.0028803424503425048
FR031026,0.00421220385479802
FR024580,0.014956679706851833
FR029513,0.0063098074679175855
FR028351,0.005042927191848556
FR031057,0.018798226379206265
FR030298,0.007957609266648059
FR020754,0.0011389572224712419
FR024104,0.02884978532899105
FR021628,0.0062336526982411135
FR022847,0.01238896764858911
FR023416,0.0032442785144755812
FR024634,0.023565210080117967
FR024832,0.0025322519908208825
FR025354,0.010773102803231398
FR023784,0.02868226917383236
FR021395,0.00264686564348695
FR024882,0.04205224424664121
FR020433,0.002376698713788825
FR021979,0.19084465391486233
FR030259,0.008074756655794138
FR025163,0.019848290694308896
FR029136,0.004769249047638732
FR023247,0.0033879147904975365
FR024467,0.04438726184841782
FR031696,0.007733133304744524
FR023379,0.008383224813244229
FR024237,0.023627742745339374
FR022797,0.03880094220867624
FR030929,0.005740564929502023
FR027248,0.021836545098360673
FR028390,0.005807990426278366
FR023771,0.005614452137817877
FR027676,0.12039889707799335
FR031923,0.00969062473189533
FR027104,0.007982740569399186
FR024342,0.03082945850756408
FR022990,0.09435476910828305
FR020235,0.005950723611199949
FR026724,0.006221124877924283
FR028767,0.0011256121253179988
FR024249,0.00810024501610819
FR026525,0.006296112144718684
FR027713,0.004926386141031056
FR028418,0.01940853444114608
FR024139,0.008500527741388784
FR026194,0.0036682955566284224
FR030800,0.00644362587626881
FR028915,0.005031905745186133
FR021219,0.020570421529521755
FR020386,0.018193169419692335
FR020725,0.41824371058160925
FR022367,0.004211763747543203
FR029708,0.001994633146315205
FR030958,0.0004509655157951214
FR023828,0.003739702776379713
FR031202,0.008049878899443419
FR030740,0.006668854276018945
FR024689,0.0021643458490425245
FR023073,0.007248114795698256
FR024147,0.010936575798019032
FR030407,0.020032165671389924
FR028315,0.00039268880320567686
FR027436,0.026732787709937547
FR029474,0.004799044700885515
FR025502,0.006754547424685491
FR028415,0.011217307849025335
FR025899,0.006281613339171778
FR020087,0.00980773152705491
FR030550,0.005589694335119162
FR023815,0.005989891679694414
FR027098,0.005551319447499256
FR030414,0.004052044640548986
FR023287,0.0019771040963599833
FR025158,0.0031534273021932837
FR022826,0.011900706968162856
FR031545,0.01791591521029312
FR031666,0.007941273576749243
FR024425,0.009679412030068033
FR029342,0.0036988749629247603
FR029606,0.010432931014190785
FR029056,0.00021379378928223583
FR029666,0.014786798921997794
FR021981,0.011748434696699735
FR020478,0.002353161287295553
FR031154,0.004169600450512786
FR022761,0.010169429137439314
FR029669,0.01758375674915666
FR025057,0.008141486827023437
FR024402,0.006269208455240625
FR023113,0.024443479699155283
FR029329,0.005934445630160174
FR028114,0.0020179409141070016
FR025039,0.003133951597571372
FR031089,0.01387401204534156
FR030960,0.010049295381964068
FR020822,0.000409795886206362
FR023362,0.001989148093238073
FR031701,0.000179152787653027
FR026770,0.028037122112732644
FR029433,0.004552729143925438
FR023781,0.009367513178693283
FR025655,0.008375128270725403
FR028180,0.0002488155247214163
FR021769,0.009367727250098446
FR030217,0.0060136847525660035
FR025836,0.005256136242518118
FR020171,0.02302671216555519
FR020162,0.06503151825472288
FR023327,0.00529436650260603
FR020224,0.006839991927210917
FR031440,0.01741416789028749
FR029424,0.005602891050963889
FR029441,0.00873665549577355
FR029988,0.017643409624354362
FR029767,0.004292087703322077
FR021715,0.009051022593944188
FR023719,0.08494130613872274
FR022108,0.012801110941079557
FR021510,0.006891633423264979
FR020774,0.016156453028732726
FR031145,0.04268774226198021
FR026773,0.002573453887353863
FR027090,0.1524801911002831
FR029394,0.022862475064290348
FR026551,0.005335076682437357
FR028967,0.014336866499247316
FR029515,0.004481789956141198
FR026461,0.0007430262020594574
FR029318,0.004919425644330391
FR027087,0.019200498487835973
FR024080,0.007673252634267161
FR025418,0.0067667897256490596
FR031480,0.013052662385348399
FR027108,0.005653155841805223
FR021948,0.003149581213463002
FR027026,0.0035766413217435127
FR025327,0.01411166025301851
FR029777,0.004699463328741627
FR024991,0.006511392043489348
FR030537,0.004133978870439583
FR025129,0.02028185474795058
FR026578,0.003571666188711403
FR023249,0.0023074511558067927
FR029527,0.008622152010218175
FR028590,0.012846711189938683
FR031595,0.0044587011558048836
FR022107,0.00254040737515858
FR031952,0.008117875188474526
FR030763,0.0051531606987676275
FR021056,0.004184377781384781
FR022477,0.014501245511917074
FR024493,0.007025253673809136
FR030290,0.005748721808206424
FR020430,0.005033653510947528
FR022235,0.0037312242603057097
FR031361,0.00040853152686760305
FR028201,0.0048230955708010205
FR026863,0.006909604467477409
FR031027,0.004245665450987351
FR029244,0.005555614038461781
FR030408,0.014026428272640463
FR029104,0.00911854015768469
FR026420,0.0024301872330943024
FR028383,0.007648402752914805
FR024843,0.003494478683063587
FR020159,0.01304517742696332
FR021456,0.1086770720999731
FR022211,0.0021977395940299526
FR022728,0.0031826902970782858
FR022860,0.008285525073787077
FR030739,0.008767072100177917
FR029769,0.010788167295454105
FR022241,0.5646235677700104
FR027040,0.005312067671675179
FR020604,0.13696503877468308
FR025053,0.009127428560507083
FR022822,0.003254465741087413
FR030783,0.007227148655340973
FR023844,0.01327942328250753
FR030032,0.023250875788419487
FR022350,0.04383858607469386
FR026685,0.003347138694275041
FR030571,0.01260878682459114
FR028877,0.004055061712941346
FR020906,0.0022101778899973057
FR024004,0.08327184648094084
FR024502,0.001972282140090217
FR026060,0.00017854933362991977
FR026987,0.007335990094397661
FR029234,0.03127313872005833
FR021528,0.003803528912832107
FR020397,0.012813846221505993
FR020381,0.0019056979893281125
FR025707,0.0005561484410133039
FR030523,0.0032500428700250744
FR020106,0.003696073092669143
FR031634,0.0029892832240381176
FR024781,0.025824995125944786
FR029825,0.000535843796513022
FR020803,0.0150189096117503
FR028164,0.0067709097176202855
FR026253,0.005122247500752558
FR029032,0.006162856790951529
FR026707,0.020282894714175933
FR024330,0.01543832624425626
FR024445,0.008040434022080606
FR029865,0.007716072506314716
FR021899,0.01596319277320189
FR024733,0.017876314250870405
FR024694,0.0668452757201031
FR021297,0.010837143913289325
FR024512,0.007146354023693954
FR021336,0.020648602253125158
FR031013,0.014676513966755166
FR027982,0.003428245995785222
FR031329,0.0036545106401058933
FR027641,0.013399105511751783
FR031446,0.008845040916176933
FR030591,0.010565579135145404
FR029467,0.01878871219707447
FR020804,0.0033492977826433466
FR024031,0.02724804958503852
FR025726,0.012053193266325497
FR026666,0.005733051599901172
FR022608,0.00849480941958521
FR022956,0.006511788493144427
FR023120,0.0029655441169237863
FR027644,0.0073381580936189485
FR022885,0.09933229817961052
FR029249,0.018313032539938875
FR023234,0.0072807672894795155
FR027353,0.005052544266281333
FR031078,0.03373231731966821
FR021079,0.002943002350567539
FR020583,0.002307979878032517
FR021259,0.004835975865818304
FR031012,0.08574389148716602
FR021589,0.006417968107858635
FR030641,0.004371402350545271
FR027765,0.011975342379488146
FR024505,0.004350182100847756
FR025688,0.02939562338989053
FR027871,0.007838716659031702
FR025392,0.004764249813162342
FR020261,0.0069620353561716695
FR027525,0.0077934687725609445
FR025066,0.007312382617422307
FR021309,0.022155168806105238
FR025503,0.012625915841877531
FR029052,0.021430234571370155
FR022812,0.0004451952089826418
FR021910,0.003517453907328267
FR027662,0.003358193362134763
FR027787,0.010529414720080742
FR021492,0.37115754022459824
FR030270,0.005874598541792758
FR031009,0.022956792714331393
FR031140,0.013898854099680748
FR024214,0.021293655284508547
FR031297,0.006961095101073839
FR029847,0.003338231342851609
FR024914,0.01712873800361298
FR024135,0.007325189078778506
FR030620,0.02365567674293582
FR030911,0.045797582841867766
FR021157,0.0022417525698144323
FR024257,0.006541511848835811
FR031917,0.009663587715604074
FR030729,0.0030327953753283123
FR021308,0.018475048225939945
FR020781,0.006810953016308779
FR022417,0.00015464206358370834
FR022125,0.001743982456134897
FR023955,0.02225192598333397
FR024406,0.0066349997865454025
FR022515,0.028606186622734293
FR025089,0.0020902287913409532
FR025421,0.006808390369457552
FR020801,0.018433032805311052
FR026802,0.010470818252858888
FR026207,0.002856651172019168
FR024491,0.007504137604791882
FR030725,0.004157059300127363
FR023772,0.05932260533596541
FR024164,0.004960204886504372
FR024583,0.00443361138282285
FR030380,0.0062584976766147035
FR028224,0.005118729083511428
FR022257,0.0035115249753997486
FR027380,0.026532175199505237
FR027505,0.03507979349157656
FR025243,0.0992482258164599
FR029269,0.0036627253052066507
FR029945,0.18717065740184366
FR024600,0.021017902376110804
FR020296,0.003428611153849392
FR020492,0.020514161987480226
FR027816,0.012116790794902193
FR022748,0.004572244105704849
FR030037,0.004481805616658978
FR027544,0.005301774327921329
FR022214,0.0038180389177513534
FR025756,0.008378487631294106
FR031920,0.0038177430525291206
FR028601,0.007723076873604766
FR022171,0.027696881332118638
FR020132,0.09297416803765501
FR022605,0.025506914876701252
FR026555,0.007907643986388295
FR027434,0.0073193018478100854
FR031438,0.010994864963385712
FR027065,0.006773437290743509
FR028691,0.008992397803789708
FR031176,0.0018104965789620421
FR021991,0.04893954841572334
FR020429,0.0048188968890317966
FR021985,0.13594762478732225
FR026290,0.004768722049763588
FR022278,0.013904535252744456
FR025609,0.02962822987375693
FR028951,0.008120818166036426
FR026351,0.008164402345187168
FR022330,0.022396991236633447
FR027308,0.002307265197630117
FR029926,0.016396844800965173
FR020116,0.0023525584157274124
FR027449,0.0073351710980850615
FR023982,0.025757771311346
FR023492,0.006855996231692054
FR021827,0.0003905057714356018
FR023413,0.02584399065062174
FR025608,0.014963034045360589
FR027446,0.0007240275323635025
FR022883,0.00036167840132305496
FR030130,0.000582946231413805
FR024130,0.005322134920046817
FR029483,0.005855105859912075
FR029630,0.004284982198068264
FR024148,0.002985452404773324
FR021679,0.007515470244689121
FR024003,0.0073898398697195816
FR022341,0.007841501067154387
FR022588,0.022950870151825672
FR022100,0.5669364972892181
FR020493,0.04313202250617537
FR025385,0.009308839234946124
FR020074,0.004079143116284357
FR030975,0.015238220514966908
FR020341,0.010900854381255725
FR029765,0.004094186422532452
FR023500,0.0006946530161950753
FR026415,0.002573665941400066
FR023649,0.027866784296935163
FR030059,0.010533398333019018
FR028533,0.007526665848585343
FR020549,0.008871236323564452
FR022757,0.01728775665240901
FR020072,0.01275688271807298
FR022592,0.016514768732641488
FR025232,0.0028107822757380513
FR026492,0.035051871123054995
FR030851,0.05998080613900381
FR027511,0.003931146393226728
FR024691,0.007907106908933394
FR021738,0.05279194603339717
FR020547,0.009848676411238853
FR024924,0.0052672697830439315
FR027456,0.0031391399237290013
FR020928,0.006408161367055319
FR021293,0.015962689657545753
FR023535,0.07003078232866497
FR021222,0.02319323987540971
FR027199,0.009212668383339952
FR024885,0.011284149212268594
FR022836,0.0044774237511345984
FR027054,0.01968682860363604
FR022495,0.011774274323794923
FR031783,0.006118116544696263
FR031527,0.011931481097163209
FR030280,0.039647052703029234
FR024146,0.03751279353684528
FR029810,0.02732721975613545
FR022470,0.0027986277169691613
FR020934,0.016140682340670735
FR026449,0.03195305885665143
FR031561,0.0069542457455661205
FR029418,0.003350119738068598
FR021834,0.024666250174206355
FR021634,0.006545509456833657
FR030106,0.021956672359048825
FR030678,0.047614808718071645
FR030158,0.010013741293188242
FR030196,0.00023471642272528083
FR028629,0.01422775932467355
FR020408,0.062383675391231116
FR020712,0.0054860863895560075
FR029609,0.006221034181070223
FR024909,0.007445830867524471
FR028502,0.0037174831772627905
FR030586,0.0029603655766269744
FR020355,0.004319762817237468
FR020869,0.010820539529428594
FR029154,0.0036843593687209087
FR027177,0.02823984518077949
FR024099,0.023241724418176568
FR024959,0.0066626084920751345
FR020423,0.009238065068328718
FR020665,0.012419274649554439
FR022492,0.007876375263215092
FR025694,0.020944309144252875
FR030949,0.006134555968945669
FR021264,0.009781474683824256
FR027400,0.007657844945848979
FR024346,0.00914011943774012
FR027278,0.03262809589031627
FR020214,0.003915461075038187
FR030151,0.005517902460260392
FR027891,0.033824327766475454
FR028855,0.0009500451616192215
FR029478,0.004271353099435361
FR020994,0.012471866468373853
FR030471,0.011437007125921448
FR031568,0.03059756917314967
FR027274,0.011225224731136484
FR026137,0.006201826353446794
FR028167,0.012593557178453497
FR023168,0.03485715446321474
FR029491,0.0001991612407855539
FR029724,0.0002998907209005669
FR020394,0.017519170106719033
FR022862,0.008167433883572535
FR031803,0.00692682913975889
FR022133,0.008250430590443501
FR025310,0.0002475965186130518
FR031638,0.010858326539728506
FR020858,0.02409678288561148
FR023059,0.022071500504489684
FR031346,0.006422046443421443
FR025673,0.008009523371226134
FR031549,0.013300555586726678
FR023425,0.016185959674885165
FR028029,0.0008847693456115631
FR029961,0.30308291134439
FR027181,0.021221798622483704
FR024999,0.003377046447103056
FR029351,0.01696100279391493
FR023593,0.0029870719276276574
FR021675,0.042146634833069324
FR030835,0.017812425735072475
FR023290,0.0036882598973539274
FR022081,0.0020647078675462035
FR022127,0.013102881848974032
FR031312,0.007988060087885471
FR024803,0.011049957645762906
FR031599,0.012020204886365043
FR020369,0.0026023545385724677
FR027277,0.011587692478067383
FR022740,0.0061347664308698145
FR027047,0.0004731707755334576
FR022994,0.014006631025351636
FR026754,0.01900771359286228
FR025523,0.0010494313937198874
FR027371,0.0037671201229368457
FR028634,0.029386001767932213
FR029665,0.09243533008677557
FR030152,0.0034919396871220384
FR031192,0.022922840451676477
FR027048,0.025786794360636748
FR022798,0.009643816053279413
FR024007,0.005194432684879581
FR027341,0.0037813369832515186
FR028850,0.03826225513769825
FR030878,0.005973078673508122
FR020231,0.006932080861310553
FR028205,0.024972775644589596
FR022205,0.011566556536673333
FR028799,0.01893523303935447
FR025578,0.01269016388677841
FR027237,0.0056630391664114635
FR028552,0.006785118057830654
FR024980,0.023292600339433808
FR025488,0.005103266944326991
FR024922,0.15169841174698678
FR023532,0.006907024761700144
FR027236,0.0063158237105776956
FR025334,0.0029799199649199934
FR026263,0.008513682089111924
FR025026,0.0023373914883975514
FR026913,0.027445403950331276
FR026188,0.028779056096093453
FR027061,0.015540365572500499
FR031713,0.007092324423110055
FR028765,0.005170642817193294
FR026279,0.003854040496844458
FR024386,0.007641817679432013
FR020596,0.039703007121259064
FR020046,0.016366518215979845
FR028238,0.0003047045342090202
FR022117,0.012963414474564098
FR023700,0.012561609955583296
FR021455,0.005281012496736799
FR029064,0.0059927487474523535
FR025027,0.009416460868617912
FR026669,0.007436325694933566
FR023507,0.008960980189415399
FR020221,0.0041300989923663605
FR023190,0.0066205452607524
FR023478,0.011797986130882765
FR029047,0.004510486333415873
FR022759,0.029668992662478657
FR025886,0.00333340533820771
FR024672,0.08217751020140833
FR024514,0.004352286287014576
FR029166,0.008498887146800065
FR031066,0.006748627069884231
FR028142,0.0005680665419897359
FR030723,0.03685553102293266
FR022713,0.007660322276056238
FR027189,0.008350930883944258
FR029779,0.801797783449477
FR024542,0.009870431179659323
FR024994,0.006233866282026878
FR031067,0.005422881149435056
FR030410,0.003827221134599782
FR028483,0.0018446398004061321
FR030654,0.010944912554510002
FR021433,0.003449393676806604
FR024087,0.002667245787528675
FR028732,0.019833110685205893
FR028504,0.014047774315658162
FR021240,0.14126027028819563
FR025721,0.005302562239424912
FR028608,0.01713837474329586
FR025370,0.009214906613897436
FR022082,0.02923721666456372
FR026189,0.00016521403669185082
FR029643,0.0015614230185452317
FR027945,0.010502700304113894
FR031090,0.004568373724960717
FR026716,0.009977612405402946
FR031320,0.001651782133609042
FR028914,0.008227230073778086
FR028526,0.0001636443341182345
FR029190,0.015971013047692294
FR029295,0.010528013552745262
FR021378,0.003495733690106058
FR026235,0.012172355996515397
FR031997,0.002745852514617225
FR029758,0.01962234596910069
FR023487,0.24464672035960192
FR030857,0.008071629706786519
FR027981,0.004755459743277923
FR031095,0.048784651646571114
FR025681,0.02445752824059263
FR021464,0.013705340746180338
FR028908,0.005398331229308225
FR027179,0.04495951743750937
FR029521,0.0030608522943749565
FR025268,0.009971631717270285
FR029687,0.017833041224340564
FR026286,0.013724673976210718
FR021144,0.1329312209793962
FR024767,0.0037693460110137474
FR025008,0.008434925134702108
FR024470,0.011033286744543161
FR026507,0.040589405603292314
FR026858,0.02520127548831285
FR021684,0.008643256599658575
FR025633,0.00014396989782173935
FR031863,0.004756971488560486
FR030931,0.003592794437337891
FR022979,0.0045454530604778
FR022735,0.006271296516475904
FR023578,0.022947850875279435
FR027289,0.00764766379804982
FR030056,0.004573507374869044
FR023732,0.00278941151537737
FR031574,0.20166462679367084
FR025563,0.005525951981499771
FR031315,0.005841354340949741
FR020561,0.005580115308153603
FR026393,0.0029855837931057
FR023933,0.00867778483167948
FR024740,0.004876405343267522
FR023138,0.013182280173011767
FR028539,0.00996603860151031
FR024201,0.05638474510559347
FR031695,0.0046187915279392675
FR030505,0.02968464672621901
FR024071,0.010794701350042773
FR024861,0.0073433266468291005
FR030100,0.01052325937571633
FR030730,0.007089646190352257
FR029874,0.003789840087579932
FR023339,0.00444571545687596
FR026864,0.0003225970897795696
FR028591,0.003602070910056312
FR029334,0.004850764648054375
FR030645,0.008542237404194972
FR028440,0.013822378366764641
FR030430,0.013441213687088205
FR020098,0.00518704743824626
FR029057,0.003084941159541843
FR028739,0.006028551798497497
FR024525,0.009934443686250103
FR031929,0.020106788997913252
FR022473,0.0028766362579657123
FR027180,0.009572673916042882
FR026956,0.056583721660836084
FR023052,0.0057477564630048356
FR022578,0.010575900117626054
FR020066,0.004974130306666293
FR023029,0.021876886562348586
FR031805,0.03904993815717696
FR029775,0.02699309519678492
FR028783,0.0033938204229795464
FR030707,0.00862556450920123
FR021121,0.030504273846945065
FR028838,0.007501522633059615
FR027323,0.014313341344628612
FR028652,0.009656249598548033
FR026714,0.005046635572732931
FR031042,0.01975681996547739
FR024709,0.011625727555589709
FR027836,0.0050322157187863885
FR020318,0.006281564115319683
FR020570,0.011184282164745518
FR024038,0.016201246039288273
FR024136,0.00768737001203311
FR024046,0.013412936347986565
FR026192,0.003151360668282425
FR028079,0.005560938232970502
FR022344,0.021093523492526772
FR024424,0.0007531055902962832
FR025839,0.012569483733414436
FR031764,0.0013511878660158335
FR027773,0.013662126738701366
FR023810,0.031515972476649015
FR020105,0.013354820468549097
FR021490,0.010160561320348403
FR030162,0.0055684624913004445
FR021659,0.007356862540156676
FR028217,0.019760028120299086
FR025867,0.014484197182918273
FR031689,0.056776357210001856
FR024714,0.005575519606021951
FR024783,0.0034183477366589114
FR021902,0.008962069013474898
FR030450,0.0037695591714718593
FR026095,0.008659893994527046
FR025771,0.010496937086564155
FR025382,0.005677033427985057
FR030244,0.007145917630829383
FR021929,0.007919223634433488
FR026566,0.02278449689306263
FR023459,0.0028196942540667787
FR028435,0.03858172198085794
FR026191,0.007480879172342857
FR022356,0.0077714317215056405
FR028690,0.005797687437291262
FR023524,0.00706231973297327
FR022137,0.006538434125542759
FR030561,0.003881051519136592
FR024112,0.005152032858891308
FR030188,0.018912373602381488
FR031873,0.00981241795421184
FR030605,0.00853865202577067
FR029465,0.029302725664518546
FR025391,0.007921309920724727
FR020818,0.0052354936791231535
FR030765,0.04008738029507758
FR027035,0.0030524663071758644
FR030684,0.001836307381757625
FR028458,0.002805081743468834
FR022299,0.01465146476439318
FR025443,0.003522653727933631
FR030972,0.004853438518918104
FR026664,0.01646238400929825
FR031959,0.010749860105452577
FR025410,0.04746206997364484
FR022469,0.006041794694192138
FR030882,0.004422440905363628
FR026963,0.0027268411381282734
FR028566,0.015451003116104199
FR026509,0.00045880615660595094
FR021461,0.003337348723613881
FR029254,0.05411703922075184
FR029938,0.027484379804449077
FR027737,0.03291797439702575
FR028032,0.012301519930530996
FR021364,0.013217076875976222
FR021493,0.03987557810716264
FR029776,0.016363772004779658
FR022219,0.0098755280706224
FR028261,0.0037714846355389664
FR027748,0.01365050080590152
FR022483,0.014403631231905143
FR025751,0.020443484981038
FR021145,0.004573762979663607
FR023685,0.016350720942742005
FR025445,0.0031589928636408895
FR020536,0.006105383623676837
FR023995,0.003333467975172169
FR020909,0.004433766589459545
FR029184,0.007749127022464949
FR025467,0.0027227863673118125
FR031883,0.0038633385173529465
FR031932,0.16453210380209637
FR021657,0.004950426476643879
FR025204,0.01690904732769449
FR024698,0.01771664973197637
FR021616,0.011914814812772631
FR020256,0.005034110469015472
FR022922,0.006246889691083732
FR021700,0.014220004001562214
FR026541,0.010799171884516259
FR021964,0.003655760067960928
FR024484,0.006940441823180617
FR020556,0.011210524186536128
FR030796,0.020924654747216477
FR027888,0.017578467818758055
FR020798,0.008964652981573874
FR024446,0.007497273029925911
FR030685,0.0018086977685614711
FR027078,0.003531879495660007
FR022425,0.009940267515610546
FR030947,0.002523404209427634
FR029852,0.02257300824281387
FR028555,0.016602210269944604
FR029732,0.005650341900186967
FR025767,0.01869676094294656
FR025329,0.015191114903016355
FR029492,0.012167852064168884
FR022789,0.004969894743166386
FR028031,0.013127700927933418
FR024805,0.008875844259576124
FR025119,0.012295808098058813
FR022620,0.19039665416549614
FR021471,0.015578732223183622
FR020475,0.008727042276186937
FR020576,0.003275800629681507
FR022774,0.015863783161820057
FR031785,0.0021569223369719026
FR031800,0.008971879543916627
FR028112,0.01797639079425603
FR022676,0.003397676548781331
FR021619,0.0036358959516865803
FR026597,0.004330994844651061
FR027889,0.007453861952875345
FR021496,0.0209544961896903
FR024172,0.005771552326302354
FR025746,0.02713715369691583
FR022178,0.010063974793743812
FR023118,0.005886689936912398
FR020751,0.009482703752817765
FR027103,0.010558235105713513
FR021507,0.011699441314956354
FR030827,0.00858875410490244
FR022551,0.017140926134223907
FR023913,0.004572850239996928
FR024334,5.775698943204998e-05
FR020431,0.01569640656947211
FR022292,0.00481260938211982
FR030036,0.0057245117083653705
FR025220,0.014358136961370234
FR031750,0.004899714270568156
FR020740,0.0036990570479228536
FR031626,0.00647285502625321
FR025649,0.0027855599633107263
FR021276,0.0027342191956481877
FR027879,0.008823261563655926
FR025453,0.013463716685368044
FR030999,0.0047203053189961985
FR021558,0.01667319609724953
FR028361,0.017677040247739594
FR020705,0.006281560048513595
FR020070,0.02001392776388881
FR028040,0.00244793600233503
FR022664,0.0038991615110797553
FR022863,0.01709461565959678
FR026836,0.019182932526034913
FR029111,0.005730602880562563
FR027208,0.01097930407767514
FR031079,0.007719484793099445
FR028454,0.008567689480261218
FR022527,0.010089105658400372
FR024852,0.015501667166467366
FR025647,0.0025650693670114535
FR028340,0.009424655417886119
FR028544,0.0048971506341134565
FR023486,0.0018559211233428604
FR022652,0.028570742472316883
FR020281,0.02646818191639083
FR027704,0.0032058208186297433
FR026874,0.0168293516728526
FR028039,0.021266902817381417
FR028203,0.009280570793097461
FR031439,0.03450742965961431
FR029563,0.017023482580202566
FR023725,0.008778038335014221
FR021993,0.008482139437583117
FR028136,0.006916390240326217
FR022497,0.010150116978225855
FR022704,0.0029030887183379202
FR028119,0.004484577552417808
FR020845,0.001956762728944384
FR031554,0.012370028479669599
FR030087,0.0014873264434548308
FR021813,0.007313335081457381
FR026725,0.0051895108755559295
FR029389,0.00638162622118328
FR027732,0.01091272515390039
FR024078,0.014410799767502478
FR031915,0.0033566064838644045
FR022051,0.002832607401827203
FR031212,0.00519858336649736
FR021904,0.0028650926547486274
FR022833,0.026785743357848227
FR025561,0.0033410737339793677
FR025550,0.1161740156710201
FR026841,0.003984279184408255
FR023673,0.012370457492252131
FR029893,0.0916072298712954
FR022607,6.066271163879846e-05
FR029879,0.016922673024844972
FR029179,0.0072388830345393
FR028776,0.011288489202717559
FR023854,0.002343610357588076
FR020644,0.005040135663753291
FR030801,0.008697411375037167
FR031860,0.008300330049591912
FR021482,0.005016622849544596
FR020733,0.0002909953243449318
FR031898,0.004088145340049161
FR030012,0.008138883313002587
FR021106,0.014779645538323564
FR028218,0.005467971442213652
FR025568,0.009001065640355865
FR022991,0.022740092552823624
FR030351,0.004558346851388247
FR025088,0.004254750348884643
FR020742,0.0029627955869000514
FR021346,0.006548781509052949
FR023706,0.002691147539636563
FR031579,0.0038465899968884876
FR027461,0.026283483322364198
FR021383,0.01773105475661268
FR021965,0.011450802264166896
FR023823,0.004807459302240832
FR021919,0.004951919317511028
FR030803,0.002922862796981665
FR031313,0.003000192462820066
FR022733,0.018521801645533603
FR024455,0.006327973306807653
FR026102,0.11050211173708774
FR026887,0.03288004467362937
FR024903,0.01016772669086457
FR025154,0.015543024013237546
FR024419,0.0031486295549690594
FR025853,0.004641039640030227
FR024608,0.009143611224764585
FR021003,0.008108379935820201
FR023552,0.0039155300236891
FR021852,0.005941255339213625
FR031890,0.003978116740834226
FR023465,0.001027340063253626
FR030075,0.008934372592642436
FR026295,0.006327049013289575
FR025734,0.008720846809587844
FR026752,0.020336988883024966
FR023565,0.017432221464053557
FR028379,0.01915691166842867
FR028481,0.005617381868067229
FR029043,0.021147190333156502
FR029667,0.057081109313992934
FR024067,0.00913463463529555
FR029750,0.004029244974613681
FR024262,0.002132532321463241
FR030227,0.014579449729722497
FR025397,0.04184252001656626
FR024968,0.004617409091589332
FR023789,0.004208156220619669
FR029178,0.016152427089779056
FR020918,0.04089048855535536
FR026921,0.022399945648158972
FR024626,0.011144700585631518
FR030479,0.5453251152335648
FR030810,0.003833259544389466
FR021268,0.0053385260568744285
FR025079,0.038637315404354756
FR026080,0.002847678994519869
FR028265,0.007084905025879626
FR022528,0.00019187702246697592
FR030269,0.008746374601887905
FR030017,0.00939460174038817
FR022542,0.006632288839594348
FR025959,0.04806424718737493
FR030937,0.002497327856812831
FR023383,0.002700538811077286
FR023262,0.021893994409839707
FR028942,0.014776705728112153
FR020852,0.005676035170341412
FR025712,0.004620235964231186
FR028464,0.012846660801435848
FR030480,0.0031007769317824914
FR026599,0.022312799210209046
FR024722,0.004588329411802537
FR020145,0.003938474617314782
FR027320,0.0044860370604316736
FR029944,0.07962988220224906
FR026058,0.0021184355021891237
FR020780,0.11225883417918339
FR023381,0.0037610129618439983
FR031137,0.00833440973820348
FR027120,0.016225334423628925
FR020744,0.08164958874954743
FR027167,0.015326535977294458
FR026856,0.018421049148928493
FR023564,0.03855911068769602
FR030602,0.003487816504108767
FR029673,0.003349382494662261
FR020312,0.00613471627961183
FR031279,0.057256527153817315
FR030015,0.007717024774195981
FR029377,0.004197555704477024
FR030122,0.01665821092370029
FR026893,0.002284232522586515
FR024867,0.004386735394212839
FR022467,0.005017632799371514
FR027861,0.006687431636579607
FR021690,0.009285915069175931
FR023521,0.006954269862644297
FR028293,0.06663075976426873
FR031454,0.028225340877392285
FR030677,0.00848860271078783
FR027401,0.00023722947907424763
FR027589,0.02258981339061094
FR031225,0.0025965776650229045
FR028193,0.05647688923731789
FR028556,0.05216644368645361
FR028938,0.025901659829851712
FR027223,0.004093092205247758
FR024329,0.03546000826040558
FR030531,0.11147106284217828
FR026329,0.024266221140847845
FR029531,0.08071636755491063
FR020684,0.011315145847275382
FR021058,0.013050204515783518
FR028529,0.011981755480124855
FR022550,0.007567249213258646
FR028636,0.01060112084995042
FR030502,0.010107594709280177
FR025656,0.020436574480826347
FR029502,0.0036693252253861617
FR030066,0.024592520889271174
FR022625,0.007378923387077155
FR030689,0.01379541349417639
FR023396,0.011533347418424073
FR027275,0.013161435112414663
FR028961,0.0038611851023751063
FR028714,0.04831535089827584
FR028282,0.01159025455120886
FR027170,0.0006987478316647186
FR028170,0.02882777691410501
FR029827,0.003921918094590765
FR022159,0.0045974469229835505
FR021173,0.01893345952055217
FR027975,0.016484916883631705
FR020015,0.00014485509273793598
FR027909,0.015852872934550837
FR029509,0.013935323517230902
FR031411,0.007524672942057022
FR030665,0.1798089167426226
FR030237,0.0206891521035682
FR022363,0.0043637822935563685
FR026024,0.1769392334103463
FR022597,0.012055548518903534
FR021267,0.0028853958369142213
FR023103,0.019226766525282362
FR029058,0.010551596498958296
FR026686,0.008511267416806884
FR020290,0.01372336815053495
FR027578,0.005066001168559811
FR025013,0.004508173584338536
FR027711,0.006012218741109884
FR030624,0.010430369844721926
FR027399,0.012456192652450345
FR030282,0.005851372630183047
FR024622,0.013119833376779664
FR022840,0.0072319445833209164
FR026209,0.00792397343907301
FR020716,0.019694189912708212
FR028865,0.007975053811718478
FR022199,0.007550175022951303
FR028575,0.004782440143527814
FR021860,0.00571446657847819
FR026203,0.09934941836461013
FR020709,0.02111944317134217
FR023378,0.004675566934647725
FR025559,0.043262588566620144
FR026594,0.03504374207656274
FR031717,0.011953415731284445
FR021120,0.009642254573431977
FR025279,0.004234461798253323
FR031343,0.004052641805047196
FR022829,0.005234478118546797
FR029156,0.005756055360590434
FR028751,0.0029757393199066275
FR026568,0.004021095141940393
FR022447,0.005374841779868108
FR028294,0.0023041670879323235
FR022252,0.0020102700501315788
FR028791,0.020064658810456056
FR030924,0.004767452487189474
FR021696,0.010745707829401596
FR026805,0.028848518386327727
FR026416,0.008990349073134613
FR023858,0.002633965364232954
FR024844,0.005403288838063116
FR020571,0.005757321576141994
FR026654,0.011524391323612559
FR031664,0.005792056041818995
FR020367,0.004813451724723792
FR020071,0.004699467502107842
FR029493,0.009145039193885238
FR022919,0.00813881041032078
FR027688,0.0024499629024965653
FR024751,0.016836873936575836
FR023117,0.003859303497297577
FR021062,0.010057431091100716
FR020951,0.00046162209164025085
FR020410,0.004488391203030065
FR031884,0.010082506751026921
FR026223,0.02599060428368715
FR026316,0.004564764489778927
FR025314,0.00504352410005312
FR021689,0.005887252775143912
FR023623,0.038641932754041125
FR030153,0.009798727478507132
FR029210,0.03563393440929693
FR028793,0.03564113224168882
FR020349,0.011362238603587127
FR024073,0.015589544649462281
FR024543,0.017417290461042696
FR026154,0.021843760653580173
FR031702,0.7547416916373949
FR029655,0.004130700092122208
FR026964,0.006617746878983359
FR026979,0.02934061695545212
FR030369,0.016019925021934094
FR028267,0.004646959174859203
FR021604,0.04230500958472572
FR029289,0.002608894792340413
FR031738,0.018430506589584502
FR022265,0.00516504041328585
FR021753,0.007915384746027416
FR027542,0.003996845769956298
FR022294,0.02409970778305238
FR024016,0.003530939004213925
FR021908,0.020607323292889262
FR021895,0.005078999573786612
FR028685,0.0031320427210655417
FR031309,0.008149130544973439
FR026366,0.006135520981608071
FR028251,0.2289291854162666
FR022548,0.01098678778043764
FR030711,0.013137468201748862
FR020485,0.002874280713940448
FR028781,0.006768408288183706
FR023643,0.004469869808671178
FR020832,0.02023938078944153
FR030447,0.010457440596127361
FR028041,0.0028829380260126675
FR020923,0.006772633330635569
FR031918,0.05865367952963494
FR030141,0.004640242482896538
FR024466,0.0033970195767502463
FR026738,0.006866165402077801
FR031178,0.06559051555985417
FR020990,0.00668222852581635
FR031712,0.23640249432685395
FR031231,0.04403859266994386
FR029209,0.004107614004293427
FR027958,0.002352353953902096
FR022531,0.005326043405487081
FR030265,0.004403799645116829
FR024338,0.0017241511339653349
FR030279,0.00559138341389196
FR023300,0.00356875624371092
FR029678,0.010462860366305712
FR031682,0.0356658851910577
FR027597,0.02344184604592191
FR022848,0.004774596845967092
FR021010,0.012427826990875478
FR030821,0.005679862931097172
FR028452,0.004107806959948757
FR025640,0.01459438254421941
FR023491,0.009966390529047088
FR027133,0.02526739444198356
FR021870,0.0011874171340953692
FR024179,0.031617380537451154
FR025925,0.004178465651953187
FR031856,0.0021412810414413704
FR030303,0.016238020601494263
FR023352,0.015322331745648819
FR030108,0.004779370790268793
FR030985,0.027328916081594788
FR023917,0.003091324886363063
FR027513,0.005903325700675365
FR025099,0.009198251003279246
FR021721,0.0030632288535734115
FR030314,0.005586257832906853
FR025228,0.0008673883138160735
FR030664,0.00454138712281719
FR029922,0.06897676773499016
FR021592,0.07750203123453323
FR025740,0.028091867874352396
FR023033,0.006793365976897947
FR025496,0.015423153283264645
FR029002,0.01698376302172586
FR025292,0.017846869570659327
FR024061,0.0036655640320750736
FR031880,0.007655365331201362
FR030223,0.003628603450865829
FR021533,0.0054582883896532475
FR030534,0.009787510871706744
FR027569,0.03975793922175291
FR024723,0.03610871511610558
FR024899,0.0022347045759882264
FR030849,0.09470761750477065
FR029366,0.012974558743271919
FR030773,0.1804860477096797
FR023100,0.003292001311110855
FR028531,0.05464846968649529
FR030357,0.005853704728585723
FR024897,0.0046709779905689955
FR031222,0.005067154554201008
FR023420,0.0032414541230002384
FR024238,0.13176270870018741
FR024637,0.0033966568604866824
FR025599,0.009150461944388986
FR031660,0.02873945244663769
FR030761,0.03967736337857898
FR031581,0.010858687123856068
FR029968,0.04066099557540864
FR029725,0.0024037070344411606
FR026205,0.01401108246672266
FR023663,0.004575008374965877
FR029911,0.0032402241708957137
FR023329,0.015545377258151197
FR031494,0.006757704234160729
FR025366,0.009204863051466727
FR022565,0.006933112884825455
FR029557,0.21074883267927316
FR031251,0.011664207785732189
FR025159,0.02238004520473668
FR030096,0.007099391063536671
FR023181,0.006643372757329325
FR031199,0.012355766243789224
FR029105,0.002052374922894684
FR024800,0.004822921687543085
FR025880,0.0026298468984323788
FR020685,0.007653763459542399
FR026766,0.0022231904656347195
FR030712,0.00587254886116909
FR027151,0.004214715075949659
FR024833,0.006824685261796955
FR022779,0.011775917874887033
FR020763,0.0049185177452784725
FR023790,0.0022824106889574765
FR025626,0.008630281055863312
FR025774,0.027450677892338942
FR024508,0.0019833492083804853
FR031038,0.009587610727090466
FR020883,0.023489039341748102
FR025572,0.004632384289949637
FR029744,0.015640610786345772
FR028828,0.009466059188950653
FR025859,0.0035891853618102683
FR021403,0.008309107358019886
FR023022,0.006965909122666498
FR028943,0.005979048350497905
FR027866,0.04580358380443763
FR023299,0.027463950594520874
FR031190,0.008072158951551035
FR029041,0.03408156086297048
FR024982,0.00345259106062013
FR021951,0.005619672923404685
FR020748,0.011032917334622448
FR024891,0.0038588069516174214
FR025187,0.0001530542310222279
FR026637,0.015490750427396784
FR028262,0.002783265282664687
FR028724,0.006021503359435145
FR029403,0.01418805515499555
FR023011,0.00028460769286048246
FR031400,0.008428884012831657
FR029693,0.004810168927283955
FR025606,0.012888514962524902
FR020872,0.014478079703349462
FR027910,0.15996656100731677
FR021907,0.009822977498057446
FR026629,0.00023787178307600287
FR023712,0.006536235654641559
FR022054,0.007955047413192862
FR027754,0.004672502985020003
FR020030,0.02350029869330843
FR029723,0.014232593006788682
FR021131,0.008266452854353198
FR020173,0.002236038225763297
FR021437,0.03163904171329326
FR021432,0.006439344671909794
FR026414,0.006423088092590237
FR021059,0.004060515996148843
FR021518,0.008055033165736988
FR020461,0.02634219756361426
FR024341,0.03314482437136812
FR020661,0.01012964612868844
FR020877,0.006544479461547938
FR022480,0.0031541098486163764
FR026552,0.026557078770753285
FR024198,0.016543304519425924
FR025274,0.007982896810101751
FR026791,0.037593929691912324
FR020586,0.011511391284620183
FR028343,0.017013896840460424
FR024557,0.0031794676664824084
FR031238,0.03341936997050244
FR023257,0.0027369967602891617
FR031237,0.004732143780657128
FR022593,0.014000764250620235
FR021457,0.01884441639935909
FR031156,0.006663268516406263
FR021189,0.0029589154614449156
FR024667,0.02208027235769976
FR026483,0.08055073987244472
FR027802,0.00934417526630691
FR031537,0.003321098591108722
FR020880,0.0032505007185702475
FR025042,0.02170091349382034
FR029188,0.023495776070113373
FR031723,0.007813777787974822
FR025978,0.022092155549853193
FR026356,0.2082339198077999
FR022719,0.022598863063934646
FR021370,0.021534484542082514
FR026112,0.0047129509652817664
FR023850,0.002557511340494617
FR023749,0.0025477559464722258
FR030489,0.006327129229994457
FR020152,0.005539673824582955
FR027007,0.006394637750643534
FR026607,0.014430076765953865
FR028299,0.008060979243679847
FR022413,0.00592641628837366
FR020753,0.010517664796110349
FR028378,0.018471070968162733
FR030496,0.040148198974070556
FR021751,0.012573516475687486
FR028686,0.009458906013606551
FR021060,0.004222195167614774
FR024718,0.0058862177942360285
FR023657,0.019628363567084188
FR031034,0.011729654596252373
FR021460,0.008779905520649675
FR024222,0.016024329170289932
FR029305,0.0462134507345139
FR020402,0.003804366154405488
FR029622,0.02899179256509028
FR024005,0.03927220421714715
FR027163,0.004574817058309035
FR029790,0.0048650332430616346
FR021130,0.010323949150792173
FR022870,0.007386292017406516
FR029320,0.005570489625168938
FR028554,0.004595729627016304
FR020052,0.06055052296337651
FR026164,0.005217069752387601
FR021204,0.004415719607275187
FR020703,0.002327473854102021
FR022422,0.009611663683165832
FR021725,0.034753069197396735
FR023515,0.025679805709421903
FR020747,0.008017378557552876
FR030573,0.0036117613385293476
FR030637,0.010253929751895909
FR025693,0.004109067551404063
FR025494,0.006499646996744132
FR029161,0.006724158133406331
FR021601,0.011931283628940621
FR030164,0.022622862353467072
FR031003,0.013081990481133052
FR021648,0.013556994402058166
FR023302,0.00799153698277758
FR027718,0.04732083603249695
FR026530,0.003759963837589925
FR020331,0.004458539190712696
FR029692,0.10867924273044435
FR031729,0.006039054675709615
FR025060,0.007473027123433607
FR031073,0.004009415656806755
FR027598,0.030024390586448985
FR027560,0.021648573691965784
FR030741,0.004064981544139092
FR020202,0.003567828901138219
FR023101,0.017261167439764646
FR020041,0.0027596679848470407
FR027792,0.008316011025308857
FR025452,0.04581410255011116
FR022040,0.004620683564712558
FR023514,0.00914430785083389
FR024808,0.005427171926819275
FR029964,0.01033115998230182
FR026847,0.02953528783618193
FR025600,0.005941451839833295
FR027567,0.006118725665839554
FR025174,0.014101406283535728
FR020873,0.036391817300450664
FR026870,0.006141270251200309
FR027357,0.08939164548457097
FR026505,0.0009708885593802389
FR021595,0.0060754633162592945
FR028902,0.018076815378586863
FR025146,0.002987327773867919
FR024889,0.01994283250821766
FR024935,0.003630515891254215
FR027876,0.015963334361059
FR031787,0.011414988046885639
FR030060,0.003151372172774199
FR027110,0.01140985613428509
FR030016,0.215087744038956
FR031733,0.15813269090574975
FR029129,0.00932862204002689
FR029482,0.0017190445761304724
FR021602,0.034726337403231805
FR025234,0.03521825507202251
FR021179,0.008047316988321439
FR020978,0.014647683298266054
FR030053,0.005474319410743236
FR028050,0.028802792298557985
FR029615,0.006559740381997347
FR024558,0.01528312656868562
FR026833,0.004053166553604629
FR028537,0.01870857480849689
FR022758,0.002522626906129421
FR024418,0.00024091344111220114
FR023198,0.0027807040683058997
FR022151,0.004960315800177635
FR030626,0.006444869972128876
FR027003,0.22137172513889647
FR029904,0.0024357884356810784
FR028577,0.0035459319780638604
FR023669,0.022771275690450597
FR021022,0.0028047205583097774
FR028372,0.009794167261629504
FR022706,0.0037990978908578046
FR028106,0.0051447910477274116
FR031276,0.0030785969550355587
FR024612,0.04700884085625199
FR027860,0.0010599905818875475
FR029594,0.007642776972121657
FR023550,0.001473721820610647
FR026658,0.008728879861062475
FR023032,0.0017386446346792672
FR023799,0.008604953157522712
FR023277,0.0044232088002040225
FR021840,0.007311606966177275
FR025795,0.01097691043633546
FR030640,0.01627151606101812
FR028868,0.012255835938246239
FR022010,0.008530069121016637
FR026660,0.00016234516149821955
FR026124,0.7105525346197465
FR030476,0.014855590226998866
FR031971,0.004023637099881058
FR031679,0.007937436332141432
FR028882,0.0077973504459434885
FR022962,0.004430713140128152
FR027083,0.015714144686753837
FR024943,0.20431182902666914
FR025137,0.0003402955466689536
FR026849,0.00789450553722956
FR031422,0.007393858189915283
FR021209,0.027762565583935046
FR022723,0.014961000024630678
FR027483,0.025070884978807956
FR027041,0.01869178081205837
FR023304,0.003795398272633962
FR023014,0.0035999885135682974
FR021152,0.06811914341135161
FR025948,0.014572947420420096
FR023233,0.0020200467134607715
FR030215,0.017730842918902034
FR031193,0.008485506752282688
FR024444,0.07960870126488286
FR029845,0.7226830688584424
FR024278,0.024251110804265393
FR020238,0.01514212907644434
FR020435,0.01464713371107149
FR027800,0.0035397014778444386
FR022444,0.11350000614129645
FR022333,0.004831844180432998
FR027328,0.003016440464148378
FR029813,0.006003518030472141
FR020782,0.20681542448071766
FR026337,0.007845592048941296
FR030211,0.0046507367711684025
FR025434,0.005170343743401251
FR024343,0.008663767980856671
FR027526,0.035445276289262063
FR028248,0.036411081378815616
FR028143,0.040058727837477486
FR020879,0.00220029034653128
FR020090,0.013975211515972473
FR022326,0.010942199471034409
FR027376,0.06971457221725202
FR026288,0.015686307991460143
FR031728,0.07241443462068549
FR031788,0.008702167443921572
FR023737,0.007242614285801211
FR022184,0.009101319269495964
FR026429,0.003965910425696375
FR024799,0.005602321657162711
FR023009,0.0033367326335185838
FR025912,0.004721519628482592
FR030133,0.004627780928119812
FR025663,0.0027178566677969434
FR025160,0.004878548531628373
FR028501,0.0029975745906816475
FR025667,0.01065648443455879
FR031248,0.00370935971850609
FR030090,0.007905635440458452
FR025045,0.005636944198609214
FR026406,0.012277445482704905
FR024789,0.005169510853188945
FR020516,0.07775512068751217
FR020688,0.19525223362575986
FR027896,0.011395978416466172
FR026457,0.05362037361280335
FR023701,0.0027590143570976355
FR029848,0.017047678609853206
FR020043,0.006212084386535698
FR029149,0.6721440033489595
FR023030,0.010566639434664068
FR024561,0.004661057950751679
FR021356,0.012079930310241526
FR026079,0.0116835576321215
FR023095,0.004854265245493125
FR023112,0.0280915511767427
FR028934,0.005097501411427314
FR021458,0.007774271664044415
FR029470,0.0006642005811503492
FR022174,0.0067200621344049565
FR020208,0.008736239486481044
FR025205,0.011448667285949479
FR027937,0.00731083086131527
FR020476,0.022798222745601435
FR026169,0.005632289051589215
FR029587,0.009848767925634832
FR027285,2.4366165017874104e-05
FR027847,0.023221739057473326
FR021223,0.009022080631389021
FR028841,0.013419842662448271
FR026573,0.003319316206936766
FR020403,0.04721363711943649
FR020378,0.004015113392418778
FR030932,0.012301579228911605
FR027281,0.00467050934734129
FR028093,0.009384684163224053
FR030642,0.49112115549907753
FR022659,0.007718173909424497
FR030695,0.001762054344647273
FR023086,0.01039359905341974
FR025679,0.004811299766206189
FR025804,0.009084505816956705
FR029367,0.005052854066245783
FR026808,0.011652997057381709
FR029611,0.010379270060788036
FR020251,0.018125871134534587
FR026511,0.012804956975652482
FR025030,0.008591247389866448
FR023926,0.0032861440135634975
FR031536,0.06470782702692854
FR031351,0.0049281403116650715
FR021046,0.00010367524798964951
FR028323,0.00400890605646505
FR030326,0.006740944431685941
FR030233,0.01081281147562612
FR025213,0.012982406427509453
FR024144,0.008691429241347047
FR024715,0.023801196930790663
FR031771,0.008113277348702704
FR027912,0.014891614776117992
FR031403,0.08165851847619311
FR027138,0.014434522515663815
FR031371,0.041601722360780864
FR030022,0.017330164662179622
FR028505,0.009511076618295021
FR023453,0.01212706375087356
FR030264,0.012857157329406317
FR020123,0.03455245507553773
FR031969,0.004195732623199473
FR027825,0.017119641212659423
FR031896,0.002543228897839158
FR031882,0.003164413910351828
FR021430,0.002645087675146681
FR021027,0.005483973797492734
FR027993,0.003985187403618262
FR022273,0.04001214689566399
FR022290,0.02321722335697298
FR022738,0.008340109683065982
FR022564,0.012588708972516767
FR028789,0.0052762596447197595
FR020626,0.0059791937871774906
FR022462,0.00030451085024079245
FR021788,0.023290114332195966
FR026767,0.02018945992058129
FR031901,0.010298372657999735
FR031538,0.0028316466291670346
FR029554,0.0020060710364560867
FR031047,0.007886275468599782
FR020215,0.01759206145694779
FR023438,0.048482451450336875
FR026237,0.0032375877722670616
FR024002,0.0022582936783762247
FR021094,0.007155189619647012
FR029237,0.012410361094526949
FR024692,0.008524347838654026
FR027519,0.013260344176576717
FR030903,0.0035120583275908925
FR028766,0.011002342483171307
FR031672,0.00479920243529391
FR030627,0.022736753592883817
FR027924,0.015475151823872099
FR022349,0.01536738729633008
FR025648,0.0017089737442829915
FR024311,0.011292271427841796
FR031083,0.011971479171884784
FR021470,0.004643245988434964
FR023458,0.0032729516650584177
FR022555,0.019496743845005816
FR024848,0.05897710577759204
FR028775,0.009823818484483634
FR022855,0.008551971657302896
FR027874,0.01773810306656727
FR020816,0.007461270600763384
FR023787,0.004152998032812907
FR028785,0.0024789796726349986
FR028469,0.2706499116407942
FR031433,0.00490453064913239
FR026908,0.006999814359377588
FR020555,0.008114997324000688
FR027311,0.003398853340455604
FR029707,0.006286308894187336
FR020109,0.013138323571813897
FR030971,0.011529712248660173
FR027188,0.015377570608182015
FR026234,0.004077051758608879
FR031811,0.01375285564490542
FR028357,0.03125860163778621
FR020498,0.045241876753466866
FR031749,0.003744875463758524
FR024025,0.012645353171375343
FR027105,0.0005741080128949102
FR024209,0.00032396725248860477
FR031525,0.0507761603293017
FR031470,0.11913735364032753
FR031180,0.004576309115205131
FR024616,0.024029365704001174
FR028443,0.003909518264885174
FR022380,0.040464494226472685
FR023336,0.005664442732987652
FR023543,0.007822046449449905
FR028183,0.005793747376201581
FR020353,0.020897095707981442
FR024382,0.03830036889673057
FR029137,0.0070579386599918
FR026314,0.01715441006834701
FR025758,0.011217417649606773
FR024619,0.019336062833195108
FR026811,0.08543837587332649
FR030930,0.0047360444167784226
FR021625,0.009813397821345231
FR025914,0.09408130972987885
FR020158,0.008320655426100672
FR022118,0.007021892314600197
FR022749,0.0003042780667246565
FR031257,0.009942278305147012
FR028830,0.007229046942125025
FR024013,0.004051585646597242
FR025216,0.014150867489624729
FR029151,0.006503352474127246
FR020981,0.012816057747986269
FR028586,0.01183553200202567
FR023840,0.009451014454128279
FR025412,0.015580434790788784
FR030468,0.013734573974414743
FR023145,0.010167628558834902
FR022183,0.01869140102072073
FR023573,0.004977082031532124
FR025073,0.008753555871431862
FR029414,0.015899805047299626
FR024286,0.01849547337058349
FR028703,0.037748617387948026
FR030305,0.012645870398887841
FR027901,0.02264448885495369
FR029021,0.0232369831557241
FR024720,0.0024749978815825197
FR028471,0.01309338698473213
FR028962,0.006188925182080535
FR021044,0.009269844963990167
FR021168,0.27170319930047215
FR023914,0.011873571814143715
FR026474,0.003591653980776728
FR024916,0.005701713130585605
FR031166,0.006401788127216722
FR022967,0.08710281600091059
FR031219,0.01910060095553091
FR025893,0.010350533536319947
FR021322,0.031691385991959184
FR026170,0.003910995826018203
FR025495,0.020810877385741847
FR025411,0.028582617000504473
FR023740,0.005454752014011412
FR025875,0.041130147292484924
FR028320,0.005031042448400729
FR029559,0.023434713357407856
FR024195,0.05247025613844245
FR022674,0.011488420476269813
FR027020,0.01460445962326334
FR030648,0.003580610808200837
FR022229,0.005941384631714528
FR028665,0.0009035138813379784
FR027388,0.0003103199142024683
FR026096,0.01110731777184161
FR031236,0.0002495376211123126
FR025580,0.024785853234422124
FR022352,0.05971901474310555
FR028270,0.005792087255473119
FR025068,0.0012365407285839078
FR020368,0.04625801629581378
FR025025,0.011498477245298755
FR030114,0.017757233151650377
FR022973,0.013414161498613096
FR028308,0.006662615988848366
FR022282,0.003686336467505354
FR025933,0.013467366663221594
FR023904,0.043013860464265426
FR028910,0.013267236171984642
FR026342,0.24329970293389944
FR020987,0.0027930930102453883
FR028345,0.012680938023356658
FR031206,0.004153997750936481
FR021085,0.07836568319590463
FR029243,0.014625149384316248
FR028795,0.005266774928467387
FR027433,0.000632573853903259
FR022063,0.02503321114752171
FR031160,0.010068883552743657
FR024961,0.007746248201528668
FR026885,0.003842048929476103
FR029583,0.003189967780242616
FR031602,0.007808661859824184
FR020548,0.006519429258622698
FR030253,0.015005721983661081
FR026482,0.0025916701612155265
FR029805,0.004930712399632484
FR026837,0.03536540405626462
FR024553,0.13342863647845177
FR025840,0.03388946648302816
FR027673,0.008142060363284073
FR023655,0.0020940062407012803
FR027742,0.029449469730741487
FR026967,0.009597695114554269
FR020977,0.048173738505004775
FR031981,0.05496248152889535
FR024498,0.009020297177322861
FR028212,0.004617144318131567
FR023716,0.02092504876595983
FR021799,0.02434011493967814
FR023065,0.01036868107397216
FR025868,0.005128487286184491
FR026325,0.003403470506058662
FR023471,0.025105510974252086
FR025587,0.0039027660928372503
FR024096,0.0018724014351322628
FR021180,0.008638106895274682
FR026890,0.00020914024655936062
FR020530,0.09529581806089588
FR030604,0.003991705478083006
FR025280,0.0036963601318455784
FR023829,0.005104003111644886
FR026036,0.0031582669131110823
FR024731,0.011068446317723185
FR031639,0.00990724736429757
FR023146,0.0033916743963918632
FR027921,0.011001683615053656
FR031378,0.007190101945357364
FR027617,0.06832667228773003
FR025239,0.006658031157531024
FR028988,0.010320529856805817
FR026051,0.003172146811787991
FR020608,0.18264563435042205
FR025036,0.002486647847362063
FR020698,0.008200686911135196
FR025227,0.004562842833458487
FR025680,0.007685053470417206
FR021762,0.02607413612780005
FR022521,0.029602013647640875
FR021730,0.011866351393001967
FR024037,0.00037902778857453276
FR031520,0.02236548402367545
FR022762,0.004179533058891075
FR025141,0.016094655198548868
FR029929,0.022923553085956987
FR031819,0.005157204874516979
FR023603,0.017053306193903512
FR020842,0.008011408794554234
FR024697,0.0068697112487056755
FR022420,0.09963266019018985
FR029460,0.007953875253902704
FR020952,0.005002599922673566
FR029989,0.006855522708020522
FR024216,0.005494436057817013
FR030797,0.008803263620467208
FR020967,0.21457173670216464
FR021623,0.002456015319053852
FR026384,0.016187190902131356
FR022906,0.0021922989581685598
FR021900,0.01336815624053562
FR028389,0.010043816772773285
FR023124,0.002605918060956409
FR031855,0.011080273387068492
FR023292,0.009411668294308381
FR031519,0.01459982529570299
FR025567,0.023714483571867315
FR026672,0.00965584662978776
FR029684,0.00017141142068872708
FR025750,0.0030084364179811143
FR022227,0.002542009217759808
FR020113,0.0023129582545039717
FR025500,0.016549004822390165
FR020314,0.007357580743835647
FR021605,0.009037516667808661
FR021971,0.029501446392647977
FR021547,0.03990699919947291
FR029033,0.008531163361451861
FR026430,0.025503434121696734
FR021341,0.003972850083913421
FR028405,0.002679639213560943
FR023650,0.007450724724976915
FR029360,0.0039320396150994965
FR029054,0.08794155566330414
FR028424,0.004355307833571671
FR024699,0.005564092644490498
FR024684,0.01219240866484173
FR025284,0.0073006139474285645
FR023357,0.029330162263029588
FR026952,0.0035123450050193977
FR021077,0.022286599660470547
FR029984,0.01611052567111462
FR026075,0.005026551230715562
FR024323,0.008460092420183954
FR025762,0.01890619898985121
FR028713,0.00017796109021608956
FR024598,0.012984826283378052
FR028163,0.00026742414965104545
FR024030,0.04962510397557393
FR023920,0.005288976829230964
FR023715,0.010845764113058544
FR025117,0.011583398961863832
FR024599,0.0073912193497476025
FR023680,0.020217849581233162
FR028507,0.02692712416362263
FR022864,0.005880540374261435
FR025271,0.007807878946445063
FR024417,0.0022944250215324916
FR025420,0.004851823291096948
FR030434,0.02229913776697174
FR022853,0.003041824553787633
FR023814,0.010850035721980634
FR023949,0.0006941031820169074
FR031165,0.004025352185514519
FR029966,0.014020107984079141
FR030848,0.016061568685301363
FR021377,0.04398958820870644
FR030173,0.004737392526067362
FR024460,0.007744360780104144
FR023212,0.009339146225619228
FR026343,0.008156614965874494
FR031724,0.006924166151604044
FR022949,0.0040731983844116675
FR023377,0.014969041450814837
FR029217,0.003775743275716931
FR031144,0.006206417830456204
FR027292,0.0007755299700138066
FR030368,0.6233606185385502
FR021206,0.0053902219468426335
FR023337,0.009071322579736828
FR020333,0.005941437859175192
FR026278,0.020242072953135553
FR022168,0.00261560234633131
FR027144,0.003322440356677913
FR025219,0.004718080751428841
FR026486,0.02252411087328088
FR029495,0.0011304501921790137
FR020662,0.007853712662857275
FR028884,0.03904309378468379
FR025032,0.07719848446618505
FR025904,0.005356430346366404
FR023037,0.027323944761134658
FR029407,0.03773059522407253
FR027979,0.017058591306723474
FR026718,0.0022702483220175935
FR029526,0.012223758254838317
FR027821,0.008555674272132255
FR030129,0.0021944545057284576
FR022357,0.0003478590305653128
FR027646,0.01945685675509277
FR022271,0.06820121567790247
FR021428,0.010623589541008376
FR021491,0.03366684819270552
FR027857,0.010919739359528391
FR020676,0.03221346413538386
FR029471,0.1252751382967196
FR028647,0.0440669615477808
FR023026,0.0030299545448801506
FR024778,0.010396306321823931
FR028230,0.006906284792120704
FR020799,0.017917828580248714
FR030914,0.005721269790201472
FR026621,0.007636872729488585
FR024151,0.011098918280779928
FR021235,0.028454985177559077
FR024001,0.006879783301921591
FR029704,0.020315589496340526
FR024952,0.0038268074887129063
FR026277,0.003596547492065795
FR022304,0.01219802864500626
FR026338,0.11600666885031329
FR029396,0.026204317662327253
FR030386,0.016494480520497047
FR021125,0.017647853480073243
FR025387,0.41399305896621136
FR029381,0.03201961700510104
FR023433,0.01544010151984237
FR023980,0.007141021673999049
FR021354,0.010746044406257997
FR027389,0.03948311027641309
FR028020,0.028986032283444686
FR031318,0.0039505461488490885
FR026401,0.04433324427255834
FR030898,0.007878447325169971
FR024529,0.002632900287179382
FR026946,0.0075301403766350975
FR023094,0.008147606296993168
FR023586,0.009128946277483514
FR028632,0.005541930668601993
FR020248,0.006886456614749912
FR026954,0.016619256254123884
FR020243,0.002622070183037599
FR025153,0.007387977853557989
FR028911,0.013278388579838978
FR029265,0.0002946628063097372
FR024428,0.0026968982486112055
FR030799,0.007500427996531859
FR031828,0.006156769297332667
FR026298,0.007028784234736717
FR026843,0.01747239761808753
FR022498,0.004843604357844917
FR021503,0.009663099550637249
FR031834,0.02230005926561402
FR030547,0.0029718046134183853
FR024041,0.01140779458623013
FR022814,0.025793893112258295
FR023316,0.020149605695198834
FR030283,0.023757075543780287
FR028427,0.0058936964295428
FR026514,0.005415287764401503
FR020168,0.023283054977300342
FR021435,0.009459018776044822
FR021916,0.01763830599377174
FR027784,0.018290576323175725
FR029956,0.01141666965259943
FR024513,0.04638223077340315
FR020645,0.03967882368441998
FR031275,0.04417969983616233
FR022288,0.05799096465778821
FR027634,0.007099479695101597
FR030371,0.005351899645755247
FR020992,0.007932028251442673
FR020005,0.004984036133448129
FR031905,0.0007308525378278404
FR029931,0.00269225365753275
FR024907,0.004677783574642691
FR023002,0.006165523446892152
FR029863,0.003563467761542317
FR031243,0.003706827933988809
FR021041,0.004563625066636172
FR026281,0.004033731758706341
FR024474,0.010537377661180217
FR020648,0.011988950122084176
FR024225,0.004602190730493122
FR028240,0.013653201865642296
FR030104,0.011698820705774682
FR024788,0.019366756984580614
FR031677,0.0021498878587703834
FR023484,0.003019747392737283
FR022665,0.015524199830912303
FR020899,0.023364556288162575
FR027004,0.023158535587376745
FR029802,0.004711517355817013
FR021718,0.0036116818683207363
FR021585,0.007895307573503246
FR025396,0.007679762474925121
FR025012,0.13299851114980482
FR023460,0.16496751991551517
FR024797,0.007023812014425044
FR021115,0.001685127221160615
FR031255,0.32860038549985043
FR029294,0.006087175999256077
FR030989,0.0376001930381572
FR023414,0.28746123105776766
FR027997,0.012006193880388915
FR023953,0.002890318646907111
FR025393,0.022246380624984675
FR031414,0.0026831326079624616
FR020050,0.013615800332971962
FR024890,0.022266567488059184
FR023648,0.007619846388915553
FR031564,0.008319970995988494
FR030117,0.004748774013901888
FR027284,0.005421928075156759
FR021263,0.027327921048083473
FR030202,0.00695524871849402
FR027529,0.007715604395310902
FR031958,0.006558939035450919
FR027764,0.045273320664272226
FR021896,0.02118416683148898
FR021708,0.015364542829000563
FR025065,0.009479141487357998
FR025256,0.004506743938285685
FR028730,0.012865040763418791
FR024668,0.00895569514926894
FR023607,0.02300156798114073
FR026536,0.0036187678926147097
FR025722,0.0037120516451586674
FR023250,0.037628318290391
FR025953,0.025421955089864064
FR029705,0.006671528292127192
FR022629,0.003800016858083972
FR021656,0.024626010462969205
FR022004,0.03125064957238357
FR026662,0.009537998737279679
FR031097,0.009767866829070748
FR030018,0.0044887954397850255
FR020056,0.062100378832202104
FR020961,0.01474098706667235
FR020702,0.004969860235743564
FR030150,0.0064038274585763
FR031483,0.01143759456691712
FR024905,0.02101117421192864
FR029370,0.01801411619245565
FR031393,0.003088751971177274
FR022036,0.005029630997303869
FR030411,0.01440250955649356
FR030394,0.00497496175040593
FR026284,0.0056732489886484995
FR025691,0.006595472354304132
FR031817,0.004532078230343107
FR026502,0.016246831030815086
FR020044,0.008744155535572338
FR023410,0.017887405473765265
FR022687,0.01282073669908557
FR023793,0.008465236147756783
FR024360,0.02944878666256255
FR022489,0.05476693293837564
FR030635,0.0031980349079132023
FR024110,0.005564480804433829
FR021567,0.002157993053449918
FR028264,0.004264390598948796
FR031162,0.008409364095018051
FR025763,0.03872109589899326
FR031714,0.00713338537943137
FR027066,0.003182936335173014
FR021192,0.004006171464329882
FR029321,0.005828252971843359
FR024790,0.06923564504106498
FR024240,0.0072664241502624054
FR028133,0.14783109625335192
FR029239,0.012758585709830704
FR023077,0.033822302994059236
FR029082,0.013555139818996937
FR020455,0.006565808719597767
FR023295,0.028336440388437023
FR027361,0.01948929445344071
FR023560,0.00641216277064978
FR021361,0.017595286159272853
FR029575,0.004563239706135914
FR027887,0.39005435880121736
FR024377,0.047974917774359756
FR031103,0.010952962282755123
FR031179,0.06416887826223279
FR020666,0.0027882246399878216
FR020091,0.006168823859400842
FR024383,0.004607069966584805
FR022397,0.003127554933569978
FR023441,0.005319516312249501
FR031992,0.003031768483331509
FR029571,0.00519581263764157
FR028607,0.014063730744349476
FR025425,0.020400672658910098
FR029044,0.004164175194698911
FR021368,0.09715641689505368
FR027417,0.0021326109272629466
FR028154,0.00798989211588841
FR023620,0.0005414745264643165
FR029937,0.007916997297330036
FR023351,0.004160706190975859
FR023043,0.0440665269127835
FR024371,0.0005552549886189825
FR031836,0.004177599873829469
FR023878,0.00839856583697491
FR029092,0.0164675887796341
FR028669,0.037776403913528385
FR022272,0.010549427781921692
FR020949,0.00530525270387035
FR021425,0.010984195905625656
FR030838,0.004263890249219727
FR024177,0.008609787148580635
FR022780,0.006145740523839869
FR020110,0.024525601489293346
FR030713,0.014809666675315985
FR025415,0.00427848068902772
FR029930,0.006746754593447671
FR021502,0.09602563822266558
FR023264,0.02942542113693021
FR030509,0.011100128876578016
FR027411,0.002473131016073226
FR023803,0.029338372992658568
FR025903,0.003561976349606381
FR023313,0.006506389368398236
FR026010,0.0032606531672809656
FR026332,0.011334220583687594
FR030048,0.048904965305285014
FR026865,0.0034903524502866126
FR022787,0.011353587092525468
FR029084,0.0037433924407974375
FR029324,0.0028866649255870637
FR024496,0.008012186240775387
FR026616,0.007397361480674506
FR027600,0.00047687367119858044
FR021236,0.006481796495648674
FR021796,0.022451800392524267
FR020339,0.004981398229273095
FR026659,0.0031377134368802497
FR026702,0.0289475646470736
FR023021,0.010020079500623169
FR027250,0.004453526193292613
FR030010,0.0065316939693301195
FR030203,0.022053950696275457
FR025759,0.004540224008439848
FR020569,0.004331512100333905
FR024801,0.00543570623720615
FR027749,0.03492130826318008
FR030033,0.0054265213015851875
FR031984,0.004291544291539303
FR031718,0.0052342631945229865
FR020082,0.019732854542693645
FR023792,0.005266581679303197
FR021301,0.016920482296081795
FR030963,0.013730459055117186
FR028542,0.0182847024661445
FR028495,0.012641796320691465
FR026094,0.014352495911339141
FR024273,0.005955349651318163
FR025184,0.27134275669799995
FR021485,0.009340465249770198
FR030574,0.014339998177963179
FR031227,0.007366751613099163
FR023928,0.013887545122632097
FR020420,0.005801982900778779
FR023045,0.008357324510743834
FR022057,0.01698520575375251
FR026820,0.006744924745137463
FR030519,0.02072358103705125
FR021777,0.00715895931479424
FR025982,0.01380702162627625
FR022729,0.014098525091879617
FR021745,0.013323321363550442
FR027771,0.008702241772508558
FR025998,0.009663974585622232
FR021376,0.009168113254429924
FR024276,0.002916620502345385
FR021150,0.008332233025725368
FR027240,0.002487331354612187
FR026528,0.015251419942551126
FR023699,0.03416007110414112
FR025635,0.006214268913640206
FR023338,0.015039582625540284
FR021325,0.004033574245355505
FR029608,0.008199593308160644
FR030607,0.0014721722818091705
FR030379,0.007203936078071706
FR029081,0.010296722194462028
FR030109,0.01646726301997051
FR028095,0.021834113306784864
FR030488,0.027369492878439615
FR030426,0.027233387373716084
FR020624,0.013183988038612461
FR028993,0.028537139251217907
FR027355,0.0018696858255265736
FR021691,0.003898798372813365
FR030240,0.017466885433238183
FR022355,0.006279936668740333
FR025214,0.011368211719662418
FR030254,0.0040091873599116205
FR022992,0.013163780729018458
FR020450,0.006817501700126904
FR020187,0.0055571470759731515
FR031416,0.028761888891026686
FR024159,0.007043847933602601
FR025652,0.0036080920190863595
FR028645,0.01949679642335523
FR022839,0.004903831368786939
FR023599,0.010096979152435893
FR026784,0.0087987842085101
FR028338,0.026863552742569793
FR029413,0.0002836241152781426
FR026892,0.0037800617172494325
FR020965,0.023124256453208435
FR024499,0.07802656525011677
FR024888,0.007048715416164654
FR029522,0.009023136670801216
FR028864,0.053212587601687164
FR023477,0.0035418543905723866
FR021865,0.01745970011308363
FR020810,0.010962948030388444
FR031576,0.012690826837930555
FR022440,0.0031720515020618617
FR020567,0.011085432991660248
FR027587,0.005809907242909017
FR028517,0.00269800430787192
FR027000,0.009883939518010304
FR024207,0.006147213939116223
FR020266,0.005052728853024544
FR031975,0.008056129768768508
FR021544,0.012457379464679192
FR021687,0.00016367940914447418
FR023040,0.10348524176641576
FR023813,0.008334448995423783
FR020851,0.04264843913612459
FR027330,0.004718179607250715
FR031448,0.0056810077013906305
FR031295,0.1354999410551681
FR024356,0.01365874391575508
FR025591,0.005238206557276553
FR028287,0.010975226696126234
FR024066,0.0008887175946980214
FR026758,0.004503425471187042
FR030148,0.025959171858434764
FR030510,0.0017904258354144254
FR021548,0.0029093446615324112
FR025035,0.02141538727560953
FR024475,0.01587885978696671
FR029628,0.006689226462168294
FR023891,0.010577303399412258
FR027951,0.011090872069743575
FR031904,0.0081011993993791
FR024075,0.009831813480254095
FR030323,0.01997338024186571
FR027232,0.0028555500950656204
FR021401,0.013990670869264307
FR031651,0.03972120365934169
FR029406,0.005883860984848099
FR025215,0.003237034824635752
FR026307,0.003936759704745824
FR023439,0.0008731292000368709
FR025377,0.040812519160385585
FR026651,0.03392881550107627
FR031134,0.005484812579707674
FR029880,0.04226866759211065
FR030746,0.00019177320947535065
FR028827,0.002424153900217004
FR027499,0.002499828166199697
FR031040,0.011158983009378995
FR026123,0.011024499073442795
FR030466,0.045834087289946236
FR026577,0.008773569594792962
FR024217,0.015595786643275312
FR021666,0.0031960006135981944
FR023605,0.005514915408016068
FR024898,0.0027600715261521824
FR024228,0.0058114519857111
FR021319,0.007610323239380147
FR021394,0.011932829492282663
FR030722,0.009815817726801882
FR026294,0.006717460056729649
FR023582,0.003236279879989598
FR022399,0.00325681978015922
FR023401,0.06656614247556723
FR029208,0.003179911424893556
FR023755,0.011631371902872764
FR022619,0.0013071484237872511
FR030514,0.00752606807032234
FR025090,0.005782536439348603
FR023873,0.00025587189091580973
FR027329,0.0349862317771853
FR027738,0.0011341964334785617
FR030549,0.0005318080833461308
FR020628,0.001608510926523889
FR028881,0.009967891259680626
FR026832,0.04632410170072719
FR025457,0.015917583204381344
FR024831,0.0025139962473237337
FR026047,0.06911402233775732
FR031589,0.4816862739965954
FR027234,0.01594814079030457
FR028825,0.0097598904759122
FR027675,0.00936756195726373
FR028506,0.008913423449541913
FR025277,0.00026236280326237115
FR030061,0.009317409428266536
FR021961,0.004097928276129334
FR031106,0.01174598636228514
FR029604,0.006774206883706015
FR025661,0.08309259513387805
FR026632,0.010379595083329652
FR029646,0.003820146480839514
FR027724,0.08782392110286218
FR021166,0.010276187061734523
FR030497,0.03856415317242203
FR021706,0.00543583630835385
FR029994,0.009987232876673002
FR029469,0.0026269441969583736
FR021239,0.0009743594952562165
FR025451,0.0005006475139406224
FR029264,0.007659212627169361
FR025956,0.006271878886186392
FR026121,0.00516639804483529
FR030512,0.0453428196310687
FR029050,0.006702535543422075
FR030919,0.0028001799219854523
FR023127,0.03377155402880716
FR021836,0.017412962281147252
FR020076,0.007846444123733705
FR026596,0.004798718509724949
FR028983,0.004458973133130315
FR020520,0.01684456638027602
FR024449,0.010331906176163464
FR029404,0.007251152777534649
FR025318,0.011796946209339989
FR022170,0.01602763968794626
FR026452,0.012667738219750415
FR029110,0.007032730543557407
FR025579,0.0039209055935545516
FR025003,0.02229191368796605
FR020523,0.006102459770390167
FR031423,0.00751049713042074
FR029909,0.004455195515500921
FR030609,0.00334763317044448
FR028547,0.02907898224098841
FR029641,0.05149822385859248
FR027812,0.004987216136455473
FR026788,0.0009782396580104466
FR022424,0.00515864101345704
FR026582,0.04952826074740166
FR026064,0.010658933563147411
FR021379,0.004396865871417603
FR022029,0.008875626288260635
FR031725,0.05565994355622019
FR030183,0.01998180079527573
FR021953,0.010891366628498303
FR026522,0.0075417384074218585
FR031645,0.004564825410546033
FR025917,0.01893098736566681
FR027652,0.005952046050319324
FR029991,0.0169201981703579
FR020525,0.007789254825666171
FR031953,0.0038427079374825242
FR024749,0.004069416777632521
FR029277,0.004557519509640208
FR022247,0.003246889323075777
FR029311,0.010982711908358214
FR031437,0.0028753615551370465
FR031827,0.0022671364077977325
FR023363,0.003230692518638089
FR029397,0.006042197291022163
FR026425,0.013600776458104626
FR030463,0.009065171180391653
FR020682,1.1424779536832391e-05
FR030330,0.0033316572153884957
FR021728,0.0030509903575899546
FR030622,0.0036545890512830487
FR025372,0.004390607021082256
FR028103,0.004580141102147895
FR028309,0.007920232779532568
FR031502,0.005210775610151824
FR029236,0.0034537977480882075
FR029027,0.04268167068990281
FR024358,0.010992762076735432
FR022011,0.017421835165743717
FR023231,0.003825155250477869
FR025456,0.01394695893865794
FR022932,0.0024660218651250836
FR021451,0.0021109675465071378
FR026190,0.005079865437342881
FR022724,0.00725667044941594
FR028449,0.07926534615956946
FR028989,0.0035974194056586062
FR020855,0.008728719274198618
FR024183,0.0022905836100663504
FR028105,0.005613797834522852
FR027717,0.021376864154667476
FR022280,0.005915187779937087
FR027553,0.0028657862489103974
FR029240,0.015645189122121476
FR026553,0.018655981905848096
FR021039,0.007823191957726466
FR027325,0.016031112375175127
FR028826,0.0021508976481784555
FR020505,0.03910489837325381
FR025992,0.017728194011609175
FR022894,0.004453450959547781
FR024465,0.004737333959755637
FR026440,0.003565980479002664
FR027438,0.010769564660635372
FR021015,0.005093361602688281
FR023044,0.004664107596341578
FR026786,0.008372604074299584
FR026241,0.010631685901011136
FR020572,0.002742757636282615
FR027025,0.004733713489337746
FR026409,0.005993839498465232
FR025394,0.005259274189698096
FR023096,0.0030516563337733434
FR021078,0.012009270028593146
FR030614,0.02088578315364751
FR031835,0.004829409062569862
FR023968,0.0001815967874378328
FR027607,0.001871107259231289
FR023546,0.004254588919247279
FR023104,0.018557123423311454
FR026344,0.004493986004305433
FR028965,0.0036543325773143683
FR025364,0.010738731469818448
FR022419,0.0702675953327193
FR026539,0.009038434681971574
FR028969,0.0034696507313846047
FR020508,0.009861971754722318
FR022666,0.00858629150188545
FR026056,0.01225527370930867
FR020443,0.06157962742974372
FR026282,0.006962826133178947
FR028886,0.008230219431427809
FR025362,0.003574239447052081
FR028534,0.007158612153693319
FR025440,0.04340820674276732
FR022691,0.0035173129441580624
FR029838,0.0302044092616695
FR025977,0.0074638889843953934
FR027112,0.006357288205681011
FR022926,0.05381276128035585
FR026357,0.004632463615960462
FR030400,0.01764972333214041
FR025830,0.011226190329016974
FR031591,0.00978327361073942
FR028179,0.0042678480611223184
FR023952,0.022209785450842248
FR029552,0.005822673253088364
FR026214,0.020880357124822505
FR021963,0.07360598670024339
FR020009,0.005274185717460334
FR020554,0.006301345395319511
FR022192,0.01662578157661483
FR030329,0.001851719397407142
FR020749,0.009841900920433551
FR025979,0.005505110077082894
FR024893,0.014589217991507347
FR027142,0.004098472322775393
FR027391,0.01044852265245939
FR024492,0.03201122236967145
FR021118,0.005061655557064342
FR025881,0.04729996990790531
FR031306,0.004160642465796076
FR025359,0.010356796206797319
FR023513,0.0006075911393754475
FR024528,0.006733626524101288
FR023652,0.027665477110682093
FR027904,0.0020209794307338414
FR028532,0.03389380686290883
FR025499,0.0028418015394290185
FR031282,0.029806383341495483
FR028381,0.004673077207551012
FR024150,0.03281017889289613
FR028462,0.0077786472237959
FR025907,0.005982956747496753
FR024141,0.010277081235828454
FR026547,0.01317281933731623
FR029935,0.0002083869018324058
FR028161,0.028953793799169864
FR028909,0.0038868960081309546
FR023818,0.0172960268763137
FR021357,0.0033795389687291343
FR031245,0.0038441678770776053
FR030171,0.013911679136901181
FR028670,0.007424489054916178
FR023666,0.020058228491456692
FR030107,0.13325426692737527
FR021989,0.00368357689665341
FR023508,0.0033798444159797137
FR027863,0.027524888343759643
FR022095,0.019065323067053892
FR024299,0.0065599811163292365
FR027174,0.003977486518727887
FR030594,0.012334011818812836
FR029855,0.01198392101475922
FR030124,0.012302487662978881
FR023950,0.006738972018010444
FR020448,0.004747234392774719
FR021636,0.02671330613123946
FR022122,0.02215650273389735
FR022345,0.005726204931503223
FR030738,0.020271532980015522
FR020985,0.0037828423138882637
FR022119,0.014588517777415981
FR023539,0.010816923027514873
FR027521,0.009849319596707096
FR022393,0.020940494904871453
FR023948,0.011627482102564455
FR027819,0.009765799042800316
FR022764,0.00901161226234765
FR028280,0.056727049645604995
FR020800,0.00852592654017409
FR027358,0.004222728263061956
FR021967,0.008554811665828284
FR029117,0.0007341166590719272
FR024106,0.003431518407244546
FR027202,0.049322949658047
FR022916,0.005201226032055986
FR021841,0.006739160930213969
FR024352,0.004673321246405583
FR025363,0.005674494552438949
FR029160,0.014727793257318593
FR026090,0.008562930872156291
FR028824,0.0043200638843785815
FR020399,0.002645989125181865
FR025427,0.002168889323593007
FR020935,0.005541403987224584
FR026065,0.012686454187381232
FR029003,0.015976658806936196
FR024378,0.0033055865483375443
FR031548,0.02998348032366747
FR022577,0.0072873966476415235
FR031931,0.031156076022185106
FR023200,0.01694914483271289
FR026796,0.019751936328645914
FR029223,0.00805858136398513
FR022404,0.015488089326909184
FR023447,0.0021260894508758955
FR030137,0.0032207061892950517
FR025923,0.012633081459645852
FR025172,0.013946412240095385
FR029972,0.007227803090928608
FR027927,0.03572471356459642
FR030619,0.016612679808983656
FR024379,0.006834332752321308
FR030998,0.0014974745481014682
FR027489,0.6359434406606743
FR026855,0.004095737388064463
FR025612,0.063768794533189
FR026398,0.022982642828694028
FR021431,0.017324415776568586
FR027336,0.0642509641854794
FR024704,0.012775512482288703
FR026014,0.011506785937979823
FR026141,0.0065338463515955385
FR027734,0.007377090913452571
FR025226,0.006040868449202207
FR025189,0.024507596779931185
FR023577,0.005135846013963328
FR030310,0.01394648622424401
FR031426,0.01405370385098515
FR028380,0.004280933169588222
FR031523,0.0030063437582749514
FR030058,0.05252129263972306
FR021522,0.0024001218382478577
FR026013,0.02319043866488346
FR020299,0.003727471317720419
FR028576,0.0054323178577829305
FR025896,0.004702234684960712
FR022623,0.00414294267946157
FR022716,0.010367386073226032
FR031363,0.029519727987568585
FR023937,0.0019838275036323273
FR027848,0.053046518899435714
FR022041,0.012654424147038728
FR028689,0.03286329778325425
FR030199,0.0039179300821735544
FR022140,0.010566841965538202
FR029253,0.02667865086517069
FR030956,0.0018946935549672911
FR022944,0.0043299578597125726
FR027200,0.0034531211249209325
FR025437,0.00699620018419121
FR022756,0.007341153330968327
FR024845,0.006425896820354231
FR023557,0.006734172651315945
FR025812,0.003934216594848487
FR025051,0.04969571147513577
FR025602,0.004706050886783744
FR026857,0.010160846864900553
FR025822,0.027721442227725136
FR028982,0.014048753653578626
FR031191,0.007938796947563059
FR031133,0.08602099538210325
FR021353,0.027067919263333306
FR021375,0.005801649385159723
FR025996,0.009075744589460468
FR027407,0.007735074481525007
FR028950,0.005905438190092963
FR030992,0.036516750105048
FR025168,0.002911905564709751
FR031584,0.005306444751396248
FR020062,0.003144809362997513
FR030503,0.008419180059968924
FR024277,0.0034608079779237
FR028574,0.01899644135206209
FR021855,0.006556762656858844
FR021722,0.006943575879197193
FR029450,0.01909361700480152
FR029768,0.0027834084846817472
FR026008,0.009693491500074446
FR024443,0.018984785890449964
FR022080,0.0032050887002987288
FR027492,0.0042976873329060895
FR024534,0.005365732962910284
FR031339,0.035838690242612346
FR029487,0.010061512238219926
FR021001,0.007298735710335616
FR020086,0.06530067433234585
FR020099,0.003727707102377353
FR031264,0.0059456074007976775
FR023760,0.01241480363750871
FR030536,0.005521504615583055
FR024850,0.0012910925519644969
FR030112,0.006046352348214992
FR020756,0.004774824730695606
FR023099,0.04262654709208581
FR021501,0.013020273133846953
FR020904,0.005132236106016432
FR028349,0.007473144088045308
FR020428,0.007651378157771137
FR021525,0.15477512220138834
FR027282,0.023747225173668885
FR024765,0.0068550345794572256
FR027554,0.7156237082166249
FR031998,0.006042491472747422
FR028098,0.007879791736693786
FR020267,0.003864336658945517
FR025000,0.031936259091330285
FR020643,0.00790993684153347
FR029358,0.01410420617249889
FR029658,0.030215393975072093
FR031159,0.0048414951929588
FR020424,0.002924982756055022
FR022046,0.0004883424593375424
FR025878,0.005005791615398094
FR020191,0.03043391663714236
FR024545,0.02349318558727717
FR020494,0.0038202893958134356
FR020939,0.004795728774286341
FR023575,0.009265650059310461
FR021465,0.003864027340397689
FR025460,0.0057401789623691135
FR030105,0.012478149283761132
FR031373,0.005881604024346995
FR023821,0.0027838042664332205
FR028337,0.008463074627500424
FR021952,0.005194508862199591
FR026317,0.035584777771705975
FR024971,0.030149152259359813
FR023427,0.004441944767258469
FR023723,0.021745922158787574
FR022468,0.009996018086635906
FR027705,0.006127436479566677
FR027231,0.006137841656183918
FR031322,0.054263684642554426
FR027669,0.006022075178992872
FR025672,0.006582573040394356
FR027403,0.012515778914315495
FR031573,0.020091526240181498
FR020308,0.031135621617958777
FR028076,0.010400150131069447
FR021515,0.003457114039879027
FR031181,0.00637324157514376
FR027468,0.017630060587630222
FR029198,0.008449020335140256
FR025968,0.01053692191772875
FR020857,0.036533233875465615
FR028408,0.023681716333714846
FR027608,0.012347851284636885
FR027766,0.0254266421703926
FR026324,0.01466098988837949
FR021442,0.005250889927213563
FR023559,0.02433774297779206
FR027244,0.006509556621552169
FR020812,0.010321113991108386
FR023589,0.01915000038889957
FR031806,0.007951814237482365
FR020663,0.004136049744478161
FR025197,0.2727327006234104
FR029998,0.022350518630718387
FR025289,0.0074747551167141674
FR024786,0.0023336463463164104
FR029385,0.0049126800878089
FR025885,0.0006266169578040697
FR021473,0.009509482158081789
FR024328,0.0031701125423207873
FR029598,0.011870945633378175
FR030855,0.0036634848896127995
FR023972,0.0034168082788340803
FR027687,0.008793798752325041
FR024814,0.0038340693313467893
FR029017,0.006043430298475766
FR020036,0.0030100903995912342
FR020363,0.0030789536763343142
FR020887,0.00716835994752737
FR025037,0.008827174415429895
FR021532,0.006623383890464486
FR027440,0.023258781970919806
FR021576,0.006591425628428232
FR030667,0.09361611747337417
FR021658,0.20848209230671927
FR024495,0.005184435532279055
FR031383,0.003322222645196259
FR024576,0.007082118761469255
FR023028,0.008502357147707591
FR023172,0.019144175172154262
FR025973,0.006176391695109798
FR031739,0.01392015898156204
FR026980,0.00903750999395665
FR030045,0.022658031196562747
FR021676,0.013479229588495727
FR026389,0.045682353633700865
FR030559,0.004321935856954598
FR025368,0.008511401111628408
FR024937,0.006748074253961738
FR022067,0.006641452118580297
FR021326,0.013734034707982429
FR023071,0.010382641256052101
FR024544,0.011732433224311226
FR027374,0.00853158104505789
FR020069,0.058569972335609594
FR022590,0.005891477785583055
FR028545,0.013759302132182667
FR025305,0.0054010328336268195
FR023001,0.007294774721224605
FR027788,0.006387870811129665
FR031857,0.01832318820835426
FR028160,0.022822459922782822
FR027961,0.015140339431091618
FR023985,0.008247284260246813
FR021647,0.017859919755074633
FR028318,0.008508226984551951
FR021245,0.016146598540998775
FR028006,0.014447296798220717
FR026872,0.00620738085191149
FR020064,0.016104559149931787
FR021449,0.02078946794482121
FR027763,0.16858740261434316
FR023312,0.00272626358348578
FR030674,0.00911787072634733
FR020254,0.010287138663236573
FR022216,0.008154195958112235
FR022315,0.003209721576672618
FR023791,0.008597975869077597
FR030854,0.003852305072113126
FR023317,0.007176996268903635
FR023288,0.013160599841743757
FR021680,0.0037064769620448962
FR030807,0.007277505971958094
FR026633,0.008751537561439393
FR024721,0.03314878718820476
FR022940,0.014647610472942099
FR027700,0.004224502795276666
FR023165,0.010588185891912348
FR030565,0.03135506036692924
FR026861,0.09871161079778355
FR021712,0.0002926965543071076
FR030568,0.0063576025268077775
FR030417,0.037096703610452704
FR029218,0.0024887247440954284
FR021790,0.0034494483148890375
FR020690,0.013933331830134897
FR030694,0.3800437075344816
FR020820,0.012624876429501454
FR027601,0.01796573678182379
FR030128,0.021034888247775385
FR024693,0.0047180120513239795
FR029939,0.006272938298680489
FR023036,0.05003090679657438
FR021717,0.05771449482468676
FR026917,0.000542727718366537
FR028009,0.00380785017409436
FR022431,0.0032671263557823515
FR025211,0.005953906770992464
FR026054,0.010473760480007055
FR027430,0.026293491757221756
FR020484,0.027569199631581755
FR022624,0.02699688319847488
FR029109,0.002750541990434172
FR027334,0.015120053668632298
FR027160,0.011252216974707921
FR029355,0.007935203147035958
FR029299,0.00029848417859551914
FR029728,0.014634184102304874
FR027073,0.06468069689348224
FR023280,0.004568196325325751
FR026513,0.005154230586246733
FR027579,0.004326148760729649
FR022793,0.003978765817423478
FR029649,0.0331617799875114
FR021599,0.016155098639147224
FR028221,0.002411454072009845
FR028363,0.0062415098386791835
FR031314,0.005448951338787179
FR030793,0.000403024871847225
FR022635,0.005889236595454691
FR028719,0.056730984361871774
FR022295,0.005021714353784908
FR023016,0.004627869433841292
FR021655,0.018539795517882728
FR027531,0.015577158577674301
FR022536,0.006503237790405554
FR021284,0.00529077757730543
FR026432,0.0003993105176912413
FR030070,0.008131882924152881
FR020720,0.010680099434595336
FR026231,0.004739473709326932
FR028729,0.01031764681399598
FR021714,0.00401119471020698
FR020941,0.00833303931468345
FR025406,0.044574440746009934
FR027349,0.038454230579056004
FR024374,0.008776692311847033
FR029731,0.008349547531830908
FR024053,0.00977896245731231
FR031974,0.00024940889843395815
FR022320,0.013340372247205908
FR031158,0.006075188447913871
FR031772,0.010871976470140604
FR026081,0.006388491977656274
FR030276,0.011697088416064316
FR026853,0.0027644935612140087
FR022504,0.005448546003209594
FR029169,0.0073121695612402065
FR022003,0.008427127224342938
FR024650,0.0037564790012329756
FR025569,0.005238239864587956
FR025202,0.008505175025645878
FR028968,0.018579298657210017
FR026063,0.015131750470607566
FR027111,0.009056295709979605
FR020051,0.008939792998458165
FR020728,0.023634107422792053
FR025780,0.00249390545422119
FR029353,0.01127315451734218
FR029214,0.005241564110958127
FR026453,0.0025002455552522113
FR027577,0.0044759546930465514
FR024851,0.12842493329149274
FR030748,0.008072802855952963
FR024284,0.0074405294326291066
FR023667,0.009344246950772411
FR024601,0.015157230619152445
FR027335,0.017483288482542634
FR026845,0.017979122516763583
FR028442,0.003722863857467477
FR020400,0.004830130918298963
FR020940,0.009453205367476675
FR023235,0.009352299330420616
FR029365,0.0386793995117513
FR026737,0.004497713205036913
FR020346,0.0036979829666171668
FR024675,0.0296425218635109
FR026353,0.004067039087748874
FR022610,0.004348634093612521
FR028926,0.004698738641840862
FR030915,0.008849289895773367
FR023283,0.004884723385751306
FR020458,0.04168587342082822
FR025384,0.007739257854214693
FR024647,0.02690445723076184
FR021912,0.0044808136940670895
FR026222,0.022930994787861137
FR022739,0.018854804591152005
FR026951,0.004398617426109147
FR029626,0.0034857111854217585
FR030704,0.005453914130501129
FR031658,0.0037847314967980983
FR021229,0.020346589756682243
FR023681,0.01449347067057454
FR029096,0.1177586599654067
FR023194,0.006043058708455242
FR020784,0.11638587268398594
FR023516,0.02309798299709019
FR029619,0.015287071004697205
FR028849,0.003642839157098549
FR029960,0.04935787630546823
FR022088,0.024386930775060506
FR029000,0.005129432776893899
FR023812,0.007995928472896173
FR027803,0.053174690649814546
FR023842,0.02573897079094706
FR028903,0.004922346915807011
FR025432,0.005216183319369691
FR023872,0.031156092091471483
FR031770,0.0171655252061019
FR027253,0.0043624871172102874
FR026110,0.048532677226362016
FR020118,0.0030638894673211798
FR023344,0.010690489589990006
FR021750,0.0036210376449500705
FR029787,0.02216724821196258
FR026441,0.017061804762866648
FR024967,0.07688471073627377
FR020817,0.5302551419541619
FR029480,0.008188080005447792
FR031444,0.007038270205154561
FR028049,0.03672913742125975
FR021300,0.004858347306471735
FR020141,0.029255367408969276
FR020241,0.012784752156606675
FR023334,0.007212550860460832
FR021927,0.005455785984711318
FR027398,0.0027460784020782313
FR028096,0.023596621970118112
FR021987,0.008111028982944184
FR025614,0.0034518114582852634
FR024476,0.006954614172218306
FR021332,0.0026972607307587044
FR024034,0.00920832552973289
FR028157,0.002725216139552958
FR021304,0.02481606530755527
FR027034,0.002852897387408321
FR021791,0.022501587755850944
FR028807,0.005107313763013272
FR024941,0.007541143211817596
FR027536,0.006655086849446762
FR020112,0.0019259896795178148
FR020122,6.950008368764935e-05
FR028803,0.003087567955977921
FR027094,0.019792718000363706
FR021408,0.04768572470407512
FR024688,0.004893561575970321
FR022262,0.7367323143123742
FR028790,0.007869390296011311
FR031593,0.006020164815210658
FR031394,0.004737357334020675
FR022068,0.020197698447325132
FR029586,0.002427682928508844
FR024630,0.008206336011346047
FR022714,0.05377904691134922
FR026049,0.04178972449671487
FR022172,0.0019282802936671467
FR026244,0.026301450300906744
FR025818,0.019431991460875347
FR024945,0.03381951853886317
FR021132,0.007743985588423799
FR029005,0.0019891732944446834
FR030077,0.022806906825188777
FR023783,0.011090313068191193
FR026219,0.009585736844885052
FR028837,0.006375012071438135
FR026969,0.001740148286418231
FR030902,0.0050110557342268915
FR026835,0.0028659237373735917
FR026797,0.013281817336135614
FR031475,0.00965269430660929
FR025112,0.04249142509500399
FR030287,0.01144832748771836
FR022372,0.004005188190082962
FR023628,0.006754414404537019
FR027420,0.011096849061156771
FR027365,0.029527755812284867
FR025546,0.008803966579439519
FR021296,0.002803291442887759
FR025898,0.011537543895329192
FR021956,0.02641645746392301
FR023034,0.0041743302711145765
FR029541,0.003336293694922782
FR022831,0.0036726417836931815
FR028321,0.0005011773255616738
FR024785,0.0213177025885053
FR026972,0.004419768252763007
FR028036,0.0021120351732366593
FR024054,0.008681567108044276
FR031311,0.01456227186589311
FR027592,0.0004502147310887799
FR029898,0.1588096856257546
FR028614,0.0018571539167869635
FR028182,0.01026526571549841
FR027677,0.000789239651521498
FR031688,0.005763486750085389
FR026472,0.014306073621910673
FR029885,0.004256094364022061
FR021885,0.013146878497361122
FR027464,1.1740137841875781e-05
FR020914,0.003422704794923298
FR028291,0.0032738262701636997
FR027973,0.0032994854314639136
FR024064,0.009961260208559752
FR028466,0.024946093472225407
FR030023,0.008303325499747246
FR025675,0.0022068249668045783
FR020724,0.013230179535666737
FR024965,0.0030820926207087217
FR021832,0.009668933116763184
FR027074,0.009867308641227606
FR025316,0.01972841061530895
FR026377,0.006639821099064043
FR027410,0.003059555926203698
FR030652,0.005266262789642124
FR024113,0.016380344856488538
FR025055,0.0036854554360780823
FR027425,0.006790005730940178
FR025513,0.6794049559508873
FR028535,0.0032992142873458034
FR023797,0.013653366391320743
FR026960,0.005924700438071595
FR028905,0.047402734982558474
FR026267,0.0030505714910698013
FR020198,0.03880740321577607
FR028115,0.002789879965912897
FR021760,0.03767776842185118
FR025161,0.009575314002294064
FR023856,0.004877295556778205
FR020011,0.0031411243198392128
FR023630,0.0037452983231737887
FR030304,0.0270173562452571
FR025723,0.12511859367464634
FR026368,0.005756518359757657
FR025436,0.005542833001075091
FR021876,0.005295163818021882
FR029296,0.006271768596633491
FR023238,0.026418890073620572
FR028168,0.025341110983500205
FR026869,0.00362118903323147
FR024857,0.013863471414663224
FR027900,0.010871090089859968
FR022507,0.0604259009205954
FR025222,0.002336835234947948
FR028642,0.000304554777753867
FR030195,0.03422262440920843
FR022049,0.08585328333898992
FR027908,0.007489728453797715
FR023910,0.004170449430764566
FR022163,0.014853600756698492
FR029861,0.007640361686198907
FR024665,0.15996688643870607
FR022510,0.0004556422222589388
FR030772,0.021839531826075193
FR024160,0.014580776197594496
FR031611,0.005486708719646866
FR027840,0.0024954442595096346
FR020315,0.3929544691368011
FR022109,0.007221485911991052
FR020004,0.002984259265600058
FR027563,0.6443364808114304
FR020678,0.08076521839369882
FR031317,0.007173977938153405
FR030433,0.03154569750024034
FR025181,0.0034864555477352
FR028149,0.030039887201692973
FR025622,0.012044414111141257
FR028847,0.04501602023682677
FR023853,0.0028378457570551697
FR024747,0.3248018143875177
FR024527,0.007023150462395129
FR025449,0.08038211151798343
FR021596,0.005758438430125337
FR025981,0.0031474840840699267
FR031585,0.006530923745878353
FR024440,0.027127196451409232
FR031872,0.0049459888145355025
FR027366,0.0035979816524686304
FR030008,0.03385038652187139
FR021651,0.0038822736964007555
FR022258,0.05209224337378921
FR024063,0.005899962471855005
FR026700,0.008099203423997017
FR024741,0.03530701181273037
FR029618,0.00582949438062856
FR026085,0.006727952169822667
FR025709,0.009034493104393705
FR030540,0.038772801041184
FR021873,0.0002442677263006275
FR023495,0.003944347558872826
FR029250,0.0024802351477373934
FR026609,0.016146573790528102
FR024048,0.012829124320879981
FR026247,0.007415225936624292
FR022321,0.0023834602034857365
FR027772,0.007431559511438614
FR027811,0.02303418911118557
FR021635,0.018135579280129342
FR027342,0.006878730553436223
FR025510,0.008928034894700539
FR028654,0.005624911304212794
FR026564,0.0034416904989535324
FR020671,0.009655396048766914
FR024878,0.0012268360535874672
FR027369,0.013822969160191736
FR028836,0.010064502224953187
FR029679,0.005011888016412231
FR025188,0.006941653337340545
FR030001,0.006912803195507738
FR030064,0.007290807129221757
FR030623,0.003911454406881874
FR025431,0.003305832142735413
FR024145,0.0014876310846675487
FR028787,0.0017881354345806308
FR029946,0.013543463838654679
FR024989,0.008927622079655412
FR026226,0.00012770368260519503
FR030169,0.005854859772227551
FR028344,0.0024873424565471937
FR023627,0.0001609469668104251
FR026510,0.03700987726188842
FR024304,0.012678502606836863
FR030370,0.004658175313446966
FR021915,0.008861064907317353
FR022411,0.025153946211892358
FR020216,0.006205656771909345
FR024960,0.011368202126278933
FR025833,0.008136999738320896
FR022156,0.0194721514315148
FR025321,0.012286793379033063
FR029031,0.01153231032883313
FR024260,0.05849020851976301
FR023906,0.007593062763358181
FR020024,0.009416879745260755
FR024780,0.0036269189119715966
FR024551,0.02361242916236627
FR020542,0.023957942694530065
FR031048,0.0052206971288997666
FR025450,0.008416463201226477
FR027865,0.0017715984225901576
FR025994,0.05568165612399618
FR029165,0.009951648550843621
FR027639,0.007585124015020389
FR023965,0.018571157835492402
FR028848,0.09686431557509229
FR027313,0.010813063833538392
FR031681,0.1951943077460397
FR028692,0.008515134863802893
FR023704,0.0208313616571653
FR024951,0.016286462842632847
FR021866,0.01039157021886442
FR022415,0.019946161683097898
FR021497,0.02345327890658692
FR028153,0.010626754156204227
FR022442,0.010134572134515496
FR030268,0.0037216263323129003
FR031616,0.004312526771146248
FR023323,0.007021922948510902
FR027096,0.0068376753770349645
FR026600,0.0029255773203261943
FR026044,0.017665416257565947
FR027037,0.013500391359563397
FR020911,0.01149511909136389
FR024310,0.015433371205241493
FR027777,0.0032440145359561644
FR026751,0.027681597058119747
FR028259,0.008132850326143295
FR027929,0.08988163683146033
FR027851,0.000450650838774383
FR026039,0.037970477073525806
FR028565,0.008324076730830127
FR030241,0.4864509039816547
FR029573,0.003510245629824729
FR029534,0.012299826645252969
FR023206,0.19156218584328752
FR026101,0.012783487227958882
FR022150,0.004761970550924319
FR023209,0.0113571654116303
FR028439,0.010178531932378386
FR027745,0.00441922446732599
FR029562,0.006677641269575985
FR026083,0.0033860729990767935
FR030908,0.03294957645281095
FR024189,0.006491249049881458
FR029322,0.016976507822642255
FR023827,0.011262640938230968
FR020228,0.010739121772581878
FR031041,0.01341182467623832
FR026925,0.006757505835245377
FR031582,0.004933523108790378
FR021307,0.01553073647422324
FR031656,0.0003217113486280544
FR028493,0.005081938090133064
FR020745,0.00672561170981873
FR022752,0.0026997786831923156
FR031914,0.002938455478589329
FR020239,0.05483522569874422
FR026563,0.009669832261820678
FR021251,0.006598505783638722
FR023832,0.008264342675547957
FR020169,0.013394554922891518
FR022327,0.019491386930904714
FR026069,0.027641159246168452
FR020667,0.03109026415379526
FR028181,0.06265548568702102
FR028229,0.011387472191191307
FR025791,0.029320014554366856
FR025841,0.0037264842065365604
FR026113,0.010193840526471126
FR020589,0.014077374968102255
FR030790,0.030700517122760496
FR030990,0.024593349968499455
FR029436,0.007339156308397902
FR030252,0.004621952617742573
FR023756,0.01884683932411366
FR031213,0.03575652018377592
FR024752,0.04802168635572832
FR031735,0.03741700851934457
FR027752,0.018229745192833335
FR031068,0.005965051871920433
FR024169,0.01889551941391273
FR022696,0.004211843108872216
FR029582,0.006772128836379342
FR031209,0.05146773781905587
FR022566,0.00809452549496604
FR020779,0.13355676143854928
FR021645,0.007491356645361666
FR024569,0.007561506189617882
FR029974,0.006561777039609418
FR029537,0.004972336942708743
FR026376,0.014746574467797027
FR027084,0.09455609507026798
FR026097,0.013266132906328162
FR028916,0.6225488480519704
FR020630,0.009769523177768856
FR027864,0.015300048328792252
FR028001,0.0021075889118249043
FR023068,0.008140398330020192
FR029749,0.005681278128564998
FR021823,0.0036483153555670407
FR028433,0.020771936385249087
FR025077,0.18587755791761043
FR026213,0.004542336787661996
FR023754,0.02037192875385823
FR021892,0.011434122086013136
FR029207,0.026004552479674755
FR028062,0.00738943419602804
FR022261,9.148944100448019e-05
FR024290,0.013818150352702107
FR025782,0.004280769772517376
FR021149,0.006691913938989101
FR027566,0.11240400847233085
FR031789,0.005905476749554403
FR024040,0.0036836599121733977
FR031951,0.0066838884168398905
FR030928,0.0031864891328179505
FR030621,0.10210687437709144
FR030051,0.002119665380206394
FR022788,0.006454136346803002
FR026760,0.002867097033204794
FR031572,0.004040624536683382
FR031824,0.00027762318176135153
FR027541,0.00016458546042538363
FR022491,0.014228477285284449
FR020042,0.009018660443348099
FR030716,0.023519196587233834
FR025535,0.008158619669291187
FR028470,0.013489373954479151
FR022727,0.008508553886257594
FR031560,0.016016525088811562
FR029157,0.005125455581928681
FR021674,0.000796637358034899
FR023141,0.010549346497115477
FR026139,0.0035699691916322874
FR025697,0.012001962103298632
FR027195,0.058084051107541695
FR024438,0.1761854496682434
FR023961,0.020814506292407983
FR031786,0.009742515486281867
FR023626,0.008089060074078946
FR027907,0.03670850792877796
FR029464,0.005076803753225444
FR030734,0.003986036283189259
FR027650,0.007889616621301233
FR028543,0.04477618919974362
FR021093,0.006885836626912197
FR030721,0.008307648285058634
FR026336,0.0009691210789294716
FR028931,0.0038052228969971233
FR030243,0.018066173334065107
FR024957,0.00500857540867589
FR031135,0.0022365728208067386
FR021996,0.007134181237278049
FR021588,0.026433608877434667
FR027367,0.005236958261407605
FR022677,0.003945623024436869
FR021631,0.007280085406870699
FR022203,0.004196272895648044
FR030839,0.02899179286709125
FR027445,0.00491930018119049
FR021040,0.00476324831473863
FR028891,0.0228124058173493
FR027517,0.02258549794030025
FR031833,0.004541349500792176
FR027409,0.016677713432207152
